2025-08-19 16:00:14 [main] INFO  g.m.s.performance.IndexStatusTest - Starting IndexStatusTest using Java 17.0.15 with PID 35900 (started by lht8756 in C:\Users\lht87\IdeaProjects\signal_batch)
2025-08-19 16:00:14 [main] DEBUG g.m.s.performance.IndexStatusTest - Running with Spring Boot v3.2.5, Spring v6.1.6
2025-08-19 16:00:14 [main] INFO  g.m.s.performance.IndexStatusTest - The following 1 profile is active: "dev"
2025-08-19 16:00:15 [main] INFO  o.s.b.c.c.annotation.BatchRegistrar - Bean jobExplorer already defined in the application context, skipping the registration of a jobExplorer
2025-08-19 16:00:15 [main] INFO  o.s.b.c.c.annotation.BatchRegistrar - Bean jobRegistryBeanPostProcessor already defined in the application context, skipping the registration of a jobRegistryBeanPostProcessor
2025-08-19 16:00:15 [main] INFO  o.s.b.c.c.annotation.BatchRegistrar - Finished Spring Batch infrastructure beans configuration in 9 ms.
2025-08-19 16:00:16 [main] INFO  o.s.i.c.DefaultConfiguringBeanFactoryPostProcessor - No bean named 'errorChannel' has been explicitly defined. Therefore, a default PublishSubscribeChannel will be created.
2025-08-19 16:00:16 [main] INFO  o.s.i.c.DefaultConfiguringBeanFactoryPostProcessor - No bean named 'integrationHeaderChannelRegistry' has been explicitly defined. Therefore, a default DefaultHeaderChannelRegistry will be created.
2025-08-19 16:00:17 [main] WARN  o.s.c.s.PostProcessorRegistrationDelegate$BeanPostProcessorChecker - Bean 'batchConfig' of type [gc.mda.signal_batch.global.config.BatchConfig$$SpringCGLIB$$0] is not eligible for getting processed by all BeanPostProcessors (for example: not eligible for auto-proxying). The currently created BeanPostProcessor [jobRegistryBeanPostProcessor] is declared through a non-static factory method on that class; consider declaring it as static instead.
2025-08-19 16:00:17 [main] WARN  o.s.c.s.PostProcessorRegistrationDelegate$BeanPostProcessorChecker - Bean 'jobRegistry' of type [org.springframework.batch.core.configuration.support.MapJobRegistry] is not eligible for getting processed by all BeanPostProcessors (for example: not eligible for auto-proxying). Is this bean getting eagerly injected into a currently created BeanPostProcessor [jobRegistryBeanPostProcessor]? Check the corresponding BeanPostProcessor declaration and its dependencies.
2025-08-19 16:00:17 [main] INFO  com.zaxxer.hikari.HikariDataSource - HikariPool-1 - Starting...
2025-08-19 16:00:18 [main] INFO  com.zaxxer.hikari.pool.HikariPool - HikariPool-1 - Added connection org.postgresql.jdbc.PgConnection@2b6b487c
2025-08-19 16:00:18 [main] INFO  com.zaxxer.hikari.HikariDataSource - HikariPool-1 - Start completed.
2025-08-19 16:00:18 [main] INFO  g.m.s.g.config.DevDataSourceConfig - Batch DataSource created:
2025-08-19 16:00:18 [main] INFO  g.m.s.g.config.DevDataSourceConfig -   - URL: jdbc:postgresql://10.26.252.48:5432/mdadb?currentSchema=public&assumeMinServerVersion=12&reWriteBatchedInserts=true
2025-08-19 16:00:18 [main] INFO  g.m.s.g.config.DevDataSourceConfig -   - Connection Init SQL: SET TIME ZONE 'Asia/Seoul'
2025-08-19 16:00:18 [main] INFO  g.m.s.g.config.DevDataSourceConfig -   - Pool Name: HikariPool-1
2025-08-19 16:00:18 [main] INFO  com.zaxxer.hikari.HikariDataSource - HikariPool-2 - Starting...
2025-08-19 16:00:18 [main] INFO  com.zaxxer.hikari.pool.HikariPool - HikariPool-2 - Added connection org.postgresql.jdbc.PgConnection@c5a2d5
2025-08-19 16:00:18 [main] INFO  com.zaxxer.hikari.HikariDataSource - HikariPool-2 - Start completed.
2025-08-19 16:00:18 [main] INFO  g.m.s.g.config.DevDataSourceConfig - Collect DataSource created:
2025-08-19 16:00:18 [main] INFO  g.m.s.g.config.DevDataSourceConfig -   - URL: jdbc:postgresql://10.26.252.39:5432/mdadb?currentSchema=signal&options=-csearch_path=signal,public&assumeMinServerVersion=12&reWriteBatchedInserts=true
2025-08-19 16:00:18 [main] INFO  g.m.s.g.config.DevDataSourceConfig -   - Connection Init SQL: SET TIME ZONE 'Asia/Seoul'; SET search_path TO signal, public;
2025-08-19 16:00:18 [main] INFO  g.m.s.g.config.DevDataSourceConfig -   - Pool Name: HikariPool-2
2025-08-19 16:00:18 [main] INFO  o.s.b.c.r.s.JobRepositoryFactoryBean - No database type set, using meta data indicating: POSTGRES
2025-08-19 16:00:18 [main] INFO  com.zaxxer.hikari.HikariDataSource - HikariPool-3 - Starting...
2025-08-19 16:00:18 [main] INFO  com.zaxxer.hikari.pool.HikariPool - HikariPool-3 - Added connection org.postgresql.jdbc.PgConnection@6be8ce1b
2025-08-19 16:00:18 [main] INFO  com.zaxxer.hikari.HikariDataSource - HikariPool-3 - Start completed.
2025-08-19 16:00:18 [main] INFO  g.m.s.g.config.DevDataSourceConfig - Query DataSource created:
2025-08-19 16:00:18 [main] INFO  g.m.s.g.config.DevDataSourceConfig -   - URL: jdbc:postgresql://10.26.252.48:5432/mdadb?currentSchema=signal&options=-csearch_path=signal,public&assumeMinServerVersion=12&reWriteBatchedInserts=true
2025-08-19 16:00:18 [main] INFO  g.m.s.g.config.DevDataSourceConfig -   - Connection Init SQL: SET TIME ZONE 'Asia/Seoul'; SET search_path TO signal, public;
2025-08-19 16:00:18 [main] INFO  g.m.s.g.config.DevDataSourceConfig -   - Pool Name: HikariPool-3
2025-08-19 16:00:18 [main] INFO  g.m.s.batch.reader.VesselDataReader - VesselDataReader initialized with DataSource: URL=jdbc:postgresql://10.26.252.39:5432/mdadb?currentSchema=signal&options=-csearch_path=signal,public&assumeMinServerVersion=12&reWriteBatchedInserts=true, User=mda, DB=mdadb, Schema=signal
2025-08-19 16:00:18 [main] INFO  g.m.s.global.util.HaeguGeoUtils - Initializing HaeguGeoUtils...
2025-08-19 16:00:18 [main] INFO  g.m.s.global.util.HaeguGeoUtils - Haegu cache initialized with 1331 entries
2025-08-19 16:00:18 [main] INFO  g.m.s.b.p.AreaStatisticsProcessor - ========== AreaStatisticsProcessor Initialization ==========
2025-08-19 16:00:18 [main] INFO  g.m.s.global.util.DataSourceLogger - AreaStatisticsProcessor - DataSource: Pool=HikariPool-3, URL=jdbc:postgresql://10.26.252.48:5432/mdadb?currentSchema=signal&options=-csearch_path=signal,public&assumeMinServerVersion=12&reWriteBatchedInserts=true, User=mda, DB=mdadb, Schema=signal
2025-08-19 16:00:18 [main] INFO  g.m.s.global.util.DataSourceLogger - AreaStatisticsProcessor - Current DB: mdadb, Schema: signal, Search path: signal, public
2025-08-19 16:00:18 [main] INFO  g.m.s.global.util.DataSourceLogger - AreaStatisticsProcessor - Table signal.t_areas exists: true
2025-08-19 16:00:18 [main] INFO  g.m.s.b.p.AreaStatisticsProcessor - Loading areas from query database...
2025-08-19 16:00:18 [main] INFO  g.m.s.global.util.DataSourceLogger - AreaStatisticsProcessor.loadAreas - DataSource: Pool=HikariPool-3, URL=jdbc:postgresql://10.26.252.48:5432/mdadb?currentSchema=signal&options=-csearch_path=signal,public&assumeMinServerVersion=12&reWriteBatchedInserts=true, User=mda, DB=mdadb, Schema=signal
2025-08-19 16:00:18 [main] INFO  g.m.s.global.util.DataSourceLogger - AreaStatisticsProcessor.loadAreas - Current DB: mdadb, Schema: signal, Search path: signal, public
2025-08-19 16:00:18 [main] INFO  g.m.s.global.util.DataSourceLogger - AreaStatisticsProcessor.loadAreas - Table signal.t_areas exists: true
2025-08-19 16:00:18 [main] INFO  g.m.s.b.p.AreaStatisticsProcessor - Successfully loaded 4 areas into memory cache
2025-08-19 16:00:18 [main] INFO  g.m.s.b.p.AreaStatisticsProcessor - Area types: {PORT=4}
2025-08-19 16:00:18 [main] INFO  g.m.s.b.p.AreaStatisticsProcessor - ========== End of Initialization ==========
2025-08-19 16:00:18 [main] INFO  g.m.s.d.gis.cache.AreaBoundaryCache - Loaded 4 areas into cache
2025-08-19 16:00:18 [main] INFO  g.m.s.d.gis.cache.AreaBoundaryCache - Loaded 1331 haegus into cache
2025-08-19 16:00:19 [main] DEBUG g.m.s.b.writer.AbnormalTrackWriter - AbnormalTrackWriter: Job name set to vesselTrackAggregationJob
2025-08-19 16:00:19 [main] INFO  g.m.s.b.job.VesselTrackStepConfig - AbnormalTrackWriter initialized with job name: vesselTrackAggregationJob
2025-08-19 16:00:19 [main] WARN  o.s.b.c.l.AbstractListenerFactoryBean - org.springframework.batch.item.ItemWriter is an interface. The implementing class will not be queried for annotation based listener configurations. If using @StepScope on a @Bean method, be sure to return the implementing class so listener annotations can be used.
2025-08-19 16:00:19 [main] WARN  o.s.b.c.l.AbstractListenerFactoryBean - org.springframework.batch.item.ItemProcessor is an interface. The implementing class will not be queried for annotation based listener configurations. If using @StepScope on a @Bean method, be sure to return the implementing class so listener annotations can be used.
2025-08-19 16:00:19 [main] INFO  g.m.s.b.j.HourlyAggregationStepConfig - Building mergeHourlyTracksStep with abnormal detection enabled
2025-08-19 16:00:19 [main] WARN  o.s.w.c.s.GenericWebApplicationContext - Exception encountered during context initialization - cancelling refresh attempt: org.springframework.beans.factory.UnsatisfiedDependencyException: Error creating bean with name 'vesselBatchScheduler': Unsatisfied dependency expressed through field 'hourlyAggregationJob': Error creating bean with name 'hourlyAggregationJob' defined in class path resource [gc/mda/signal_batch/batch/job/HourlyAggregationJobConfig.class]: Failed to instantiate [org.springframework.batch.core.Job]: Factory method 'hourlyAggregationJob' threw exception with message: Error creating bean with name 'mergeHourlyTracksStep' defined in class path resource [gc/mda/signal_batch/batch/job/HourlyAggregationStepConfig.class]: Failed to instantiate [org.springframework.batch.core.Step]: Factory method 'mergeHourlyTracksStep' threw exception with message: Error creating bean with name 'hourlyTrackProcessorWithAbnormalDetection' defined in class path resource [gc/mda/signal_batch/batch/job/HourlyAggregationStepConfig.class]: Failed to instantiate [org.springframework.batch.item.ItemProcessor]: Factory method 'hourlyTrackProcessorWithAbnormalDetection' threw exception with message: Error creating bean with name 'hourlyTrackItemProcessor' defined in class path resource [gc/mda/signal_batch/batch/job/HourlyAggregationStepConfig.class]: Failed to instantiate [org.springframework.batch.item.ItemProcessor]: Factory method 'hourlyTrackItemProcessor' threw exception with message: Unresolved compilation problem: 
	The constructor HourlyTrackProcessor(DataSource, JdbcTemplate) is undefined

2025-08-19 16:00:19 [main] INFO  com.zaxxer.hikari.HikariDataSource - HikariPool-3 - Shutdown initiated...
2025-08-19 16:00:19 [main] INFO  com.zaxxer.hikari.HikariDataSource - HikariPool-3 - Shutdown completed.
2025-08-19 16:00:19 [main] INFO  com.zaxxer.hikari.HikariDataSource - HikariPool-2 - Shutdown initiated...
2025-08-19 16:00:19 [main] INFO  com.zaxxer.hikari.HikariDataSource - HikariPool-2 - Shutdown completed.
2025-08-19 16:00:19 [main] INFO  com.zaxxer.hikari.HikariDataSource - HikariPool-1 - Shutdown initiated...
2025-08-19 16:00:19 [main] INFO  com.zaxxer.hikari.HikariDataSource - HikariPool-1 - Shutdown completed.
2025-08-19 16:00:19 [main] INFO  o.s.b.a.l.ConditionEvaluationReportLogger - 

Error starting ApplicationContext. To display the condition evaluation report re-run your application with 'debug' enabled.
2025-08-19 16:00:19 [main] ERROR o.s.boot.SpringApplication - Application run failed
org.springframework.beans.factory.UnsatisfiedDependencyException: Error creating bean with name 'vesselBatchScheduler': Unsatisfied dependency expressed through field 'hourlyAggregationJob': Error creating bean with name 'hourlyAggregationJob' defined in class path resource [gc/mda/signal_batch/batch/job/HourlyAggregationJobConfig.class]: Failed to instantiate [org.springframework.batch.core.Job]: Factory method 'hourlyAggregationJob' threw exception with message: Error creating bean with name 'mergeHourlyTracksStep' defined in class path resource [gc/mda/signal_batch/batch/job/HourlyAggregationStepConfig.class]: Failed to instantiate [org.springframework.batch.core.Step]: Factory method 'mergeHourlyTracksStep' threw exception with message: Error creating bean with name 'hourlyTrackProcessorWithAbnormalDetection' defined in class path resource [gc/mda/signal_batch/batch/job/HourlyAggregationStepConfig.class]: Failed to instantiate [org.springframework.batch.item.ItemProcessor]: Factory method 'hourlyTrackProcessorWithAbnormalDetection' threw exception with message: Error creating bean with name 'hourlyTrackItemProcessor' defined in class path resource [gc/mda/signal_batch/batch/job/HourlyAggregationStepConfig.class]: Failed to instantiate [org.springframework.batch.item.ItemProcessor]: Factory method 'hourlyTrackItemProcessor' threw exception with message: Unresolved compilation problem: 
	The constructor HourlyTrackProcessor(DataSource, JdbcTemplate) is undefined

	at org.springframework.beans.factory.annotation.AutowiredAnnotationBeanPostProcessor$AutowiredFieldElement.resolveFieldValue(AutowiredAnnotationBeanPostProcessor.java:787)
	at org.springframework.beans.factory.annotation.AutowiredAnnotationBeanPostProcessor$AutowiredFieldElement.inject(AutowiredAnnotationBeanPostProcessor.java:767)
	at org.springframework.beans.factory.annotation.InjectionMetadata.inject(InjectionMetadata.java:145)
	at org.springframework.beans.factory.annotation.AutowiredAnnotationBeanPostProcessor.postProcessProperties(AutowiredAnnotationBeanPostProcessor.java:508)
	at org.springframework.beans.factory.support.AbstractAutowireCapableBeanFactory.populateBean(AbstractAutowireCapableBeanFactory.java:1419)
	at org.springframework.beans.factory.support.AbstractAutowireCapableBeanFactory.doCreateBean(AbstractAutowireCapableBeanFactory.java:599)
	at org.springframework.beans.factory.support.AbstractAutowireCapableBeanFactory.createBean(AbstractAutowireCapableBeanFactory.java:522)
	at org.springframework.beans.factory.support.AbstractBeanFactory.lambda$doGetBean$0(AbstractBeanFactory.java:326)
	at org.springframework.beans.factory.support.DefaultSingletonBeanRegistry.getSingleton(DefaultSingletonBeanRegistry.java:234)
	at org.springframework.beans.factory.support.AbstractBeanFactory.doGetBean(AbstractBeanFactory.java:324)
	at org.springframework.beans.factory.support.AbstractBeanFactory.getBean(AbstractBeanFactory.java:200)
	at org.springframework.beans.factory.support.DefaultListableBeanFactory.preInstantiateSingletons(DefaultListableBeanFactory.java:975)
	at org.springframework.context.support.AbstractApplicationContext.finishBeanFactoryInitialization(AbstractApplicationContext.java:962)
	at org.springframework.context.support.AbstractApplicationContext.refresh(AbstractApplicationContext.java:624)
	at org.springframework.boot.SpringApplication.refresh(SpringApplication.java:754)
	at org.springframework.boot.SpringApplication.refreshContext(SpringApplication.java:456)
	at org.springframework.boot.SpringApplication.run(SpringApplication.java:334)
	at org.springframework.boot.test.context.SpringBootContextLoader.lambda$loadContext$3(SpringBootContextLoader.java:137)
	at org.springframework.util.function.ThrowingSupplier.get(ThrowingSupplier.java:58)
	at org.springframework.util.function.ThrowingSupplier.get(ThrowingSupplier.java:46)
	at org.springframework.boot.SpringApplication.withHook(SpringApplication.java:1454)
	at org.springframework.boot.test.context.SpringBootContextLoader$ContextLoaderHook.run(SpringBootContextLoader.java:553)
	at org.springframework.boot.test.context.SpringBootContextLoader.loadContext(SpringBootContextLoader.java:137)
	at org.springframework.boot.test.context.SpringBootContextLoader.loadContext(SpringBootContextLoader.java:108)
	at org.springframework.test.context.cache.DefaultCacheAwareContextLoaderDelegate.loadContextInternal(DefaultCacheAwareContextLoaderDelegate.java:225)
	at org.springframework.test.context.cache.DefaultCacheAwareContextLoaderDelegate.loadContext(DefaultCacheAwareContextLoaderDelegate.java:152)
	at org.springframework.test.context.support.DefaultTestContext.getApplicationContext(DefaultTestContext.java:130)
	at org.springframework.test.context.web.ServletTestExecutionListener.setUpRequestContextIfNecessary(ServletTestExecutionListener.java:191)
	at org.springframework.test.context.web.ServletTestExecutionListener.prepareTestInstance(ServletTestExecutionListener.java:130)
	at org.springframework.test.context.TestContextManager.prepareTestInstance(TestContextManager.java:260)
	at org.springframework.test.context.junit.jupiter.SpringExtension.postProcessTestInstance(SpringExtension.java:163)
	at org.junit.jupiter.engine.descriptor.ClassBasedTestDescriptor.lambda$invokeTestInstancePostProcessors$10(ClassBasedTestDescriptor.java:378)
	at org.junit.jupiter.engine.descriptor.ClassBasedTestDescriptor.executeAndMaskThrowable(ClassBasedTestDescriptor.java:383)
	at org.junit.jupiter.engine.descriptor.ClassBasedTestDescriptor.lambda$invokeTestInstancePostProcessors$11(ClassBasedTestDescriptor.java:378)
	at java.base/java.util.stream.ReferencePipeline$3$1.accept(ReferencePipeline.java:197)
	at java.base/java.util.stream.ReferencePipeline$2$1.accept(ReferencePipeline.java:179)
	at java.base/java.util.ArrayList$ArrayListSpliterator.forEachRemaining(ArrayList.java:1625)
	at java.base/java.util.stream.AbstractPipeline.copyInto(AbstractPipeline.java:509)
	at java.base/java.util.stream.AbstractPipeline.wrapAndCopyInto(AbstractPipeline.java:499)
	at java.base/java.util.stream.StreamSpliterators$WrappingSpliterator.forEachRemaining(StreamSpliterators.java:310)
	at java.base/java.util.stream.Streams$ConcatSpliterator.forEachRemaining(Streams.java:735)
	at java.base/java.util.stream.Streams$ConcatSpliterator.forEachRemaining(Streams.java:734)
	at java.base/java.util.stream.ReferencePipeline$Head.forEach(ReferencePipeline.java:762)
	at org.junit.jupiter.engine.descriptor.ClassBasedTestDescriptor.invokeTestInstancePostProcessors(ClassBasedTestDescriptor.java:377)
	at org.junit.jupiter.engine.descriptor.ClassBasedTestDescriptor.lambda$instantiateAndPostProcessTestInstance$6(ClassBasedTestDescriptor.java:290)
	at org.junit.platform.engine.support.hierarchical.ThrowableCollector.execute(ThrowableCollector.java:73)
	at org.junit.jupiter.engine.descriptor.ClassBasedTestDescriptor.instantiateAndPostProcessTestInstance(ClassBasedTestDescriptor.java:289)
	at org.junit.jupiter.engine.descriptor.ClassBasedTestDescriptor.lambda$testInstancesProvider$4(ClassBasedTestDescriptor.java:279)
	at java.base/java.util.Optional.orElseGet(Optional.java:364)
	at org.junit.jupiter.engine.descriptor.ClassBasedTestDescriptor.lambda$testInstancesProvider$5(ClassBasedTestDescriptor.java:278)
	at org.junit.jupiter.engine.execution.TestInstancesProvider.getTestInstances(TestInstancesProvider.java:31)
	at org.junit.jupiter.engine.descriptor.TestMethodTestDescriptor.lambda$prepare$0(TestMethodTestDescriptor.java:106)
	at org.junit.platform.engine.support.hierarchical.ThrowableCollector.execute(ThrowableCollector.java:73)
	at org.junit.jupiter.engine.descriptor.TestMethodTestDescriptor.prepare(TestMethodTestDescriptor.java:105)
	at org.junit.jupiter.engine.descriptor.TestMethodTestDescriptor.prepare(TestMethodTestDescriptor.java:69)
	at org.junit.platform.engine.support.hierarchical.NodeTestTask.lambda$prepare$2(NodeTestTask.java:123)
	at org.junit.platform.engine.support.hierarchical.ThrowableCollector.execute(ThrowableCollector.java:73)
	at org.junit.platform.engine.support.hierarchical.NodeTestTask.prepare(NodeTestTask.java:123)
	at org.junit.platform.engine.support.hierarchical.NodeTestTask.execute(NodeTestTask.java:90)
	at java.base/java.util.ArrayList.forEach(ArrayList.java:1511)
	at org.junit.platform.engine.support.hierarchical.SameThreadHierarchicalTestExecutorService.invokeAll(SameThreadHierarchicalTestExecutorService.java:41)
	at org.junit.platform.engine.support.hierarchical.NodeTestTask.lambda$executeRecursively$6(NodeTestTask.java:155)
	at org.junit.platform.engine.support.hierarchical.ThrowableCollector.execute(ThrowableCollector.java:73)
	at org.junit.platform.engine.support.hierarchical.NodeTestTask.lambda$executeRecursively$8(NodeTestTask.java:141)
	at org.junit.platform.engine.support.hierarchical.Node.around(Node.java:137)
	at org.junit.platform.engine.support.hierarchical.NodeTestTask.lambda$executeRecursively$9(NodeTestTask.java:139)
	at org.junit.platform.engine.support.hierarchical.ThrowableCollector.execute(ThrowableCollector.java:73)
	at org.junit.platform.engine.support.hierarchical.NodeTestTask.executeRecursively(NodeTestTask.java:138)
	at org.junit.platform.engine.support.hierarchical.NodeTestTask.execute(NodeTestTask.java:95)
	at java.base/java.util.ArrayList.forEach(ArrayList.java:1511)
	at org.junit.platform.engine.support.hierarchical.SameThreadHierarchicalTestExecutorService.invokeAll(SameThreadHierarchicalTestExecutorService.java:41)
	at org.junit.platform.engine.support.hierarchical.NodeTestTask.lambda$executeRecursively$6(NodeTestTask.java:155)
	at org.junit.platform.engine.support.hierarchical.ThrowableCollector.execute(ThrowableCollector.java:73)
	at org.junit.platform.engine.support.hierarchical.NodeTestTask.lambda$executeRecursively$8(NodeTestTask.java:141)
	at org.junit.platform.engine.support.hierarchical.Node.around(Node.java:137)
	at org.junit.platform.engine.support.hierarchical.NodeTestTask.lambda$executeRecursively$9(NodeTestTask.java:139)
	at org.junit.platform.engine.support.hierarchical.ThrowableCollector.execute(ThrowableCollector.java:73)
	at org.junit.platform.engine.support.hierarchical.NodeTestTask.executeRecursively(NodeTestTask.java:138)
	at org.junit.platform.engine.support.hierarchical.NodeTestTask.execute(NodeTestTask.java:95)
	at org.junit.platform.engine.support.hierarchical.SameThreadHierarchicalTestExecutorService.submit(SameThreadHierarchicalTestExecutorService.java:35)
	at org.junit.platform.engine.support.hierarchical.HierarchicalTestExecutor.execute(HierarchicalTestExecutor.java:57)
	at org.junit.platform.engine.support.hierarchical.HierarchicalTestEngine.execute(HierarchicalTestEngine.java:54)
	at org.junit.platform.launcher.core.EngineExecutionOrchestrator.execute(EngineExecutionOrchestrator.java:198)
	at org.junit.platform.launcher.core.EngineExecutionOrchestrator.execute(EngineExecutionOrchestrator.java:169)
	at org.junit.platform.launcher.core.EngineExecutionOrchestrator.execute(EngineExecutionOrchestrator.java:93)
	at org.junit.platform.launcher.core.EngineExecutionOrchestrator.lambda$execute$0(EngineExecutionOrchestrator.java:58)
	at org.junit.platform.launcher.core.EngineExecutionOrchestrator.withInterceptedStreams(EngineExecutionOrchestrator.java:141)
	at org.junit.platform.launcher.core.EngineExecutionOrchestrator.execute(EngineExecutionOrchestrator.java:57)
	at org.junit.platform.launcher.core.DefaultLauncher.execute(DefaultLauncher.java:103)
	at org.junit.platform.launcher.core.DefaultLauncher.execute(DefaultLauncher.java:85)
	at org.junit.platform.launcher.core.DelegatingLauncher.execute(DelegatingLauncher.java:47)
	at org.apache.maven.surefire.junitplatform.LazyLauncher.execute(LazyLauncher.java:56)
	at org.apache.maven.surefire.junitplatform.JUnitPlatformProvider.execute(JUnitPlatformProvider.java:184)
	at org.apache.maven.surefire.junitplatform.JUnitPlatformProvider.invokeAllTests(JUnitPlatformProvider.java:148)
	at org.apache.maven.surefire.junitplatform.JUnitPlatformProvider.invoke(JUnitPlatformProvider.java:122)
	at org.apache.maven.surefire.booter.ForkedBooter.runSuitesInProcess(ForkedBooter.java:385)
	at org.apache.maven.surefire.booter.ForkedBooter.execute(ForkedBooter.java:162)
	at org.apache.maven.surefire.booter.ForkedBooter.run(ForkedBooter.java:507)
	at org.apache.maven.surefire.booter.ForkedBooter.main(ForkedBooter.java:495)
Caused by: org.springframework.beans.factory.BeanCreationException: Error creating bean with name 'hourlyAggregationJob' defined in class path resource [gc/mda/signal_batch/batch/job/HourlyAggregationJobConfig.class]: Failed to instantiate [org.springframework.batch.core.Job]: Factory method 'hourlyAggregationJob' threw exception with message: Error creating bean with name 'mergeHourlyTracksStep' defined in class path resource [gc/mda/signal_batch/batch/job/HourlyAggregationStepConfig.class]: Failed to instantiate [org.springframework.batch.core.Step]: Factory method 'mergeHourlyTracksStep' threw exception with message: Error creating bean with name 'hourlyTrackProcessorWithAbnormalDetection' defined in class path resource [gc/mda/signal_batch/batch/job/HourlyAggregationStepConfig.class]: Failed to instantiate [org.springframework.batch.item.ItemProcessor]: Factory method 'hourlyTrackProcessorWithAbnormalDetection' threw exception with message: Error creating bean with name 'hourlyTrackItemProcessor' defined in class path resource [gc/mda/signal_batch/batch/job/HourlyAggregationStepConfig.class]: Failed to instantiate [org.springframework.batch.item.ItemProcessor]: Factory method 'hourlyTrackItemProcessor' threw exception with message: Unresolved compilation problem: 
	The constructor HourlyTrackProcessor(DataSource, JdbcTemplate) is undefined

	at org.springframework.beans.factory.support.ConstructorResolver.instantiate(ConstructorResolver.java:648)
	at org.springframework.beans.factory.support.ConstructorResolver.instantiateUsingFactoryMethod(ConstructorResolver.java:485)
	at org.springframework.beans.factory.support.AbstractAutowireCapableBeanFactory.instantiateUsingFactoryMethod(AbstractAutowireCapableBeanFactory.java:1335)
	at org.springframework.beans.factory.support.AbstractAutowireCapableBeanFactory.createBeanInstance(AbstractAutowireCapableBeanFactory.java:1165)
	at org.springframework.beans.factory.support.AbstractAutowireCapableBeanFactory.doCreateBean(AbstractAutowireCapableBeanFactory.java:562)
	at org.springframework.beans.factory.support.AbstractAutowireCapableBeanFactory.createBean(AbstractAutowireCapableBeanFactory.java:522)
	at org.springframework.beans.factory.support.AbstractBeanFactory.lambda$doGetBean$0(AbstractBeanFactory.java:326)
	at org.springframework.beans.factory.support.DefaultSingletonBeanRegistry.getSingleton(DefaultSingletonBeanRegistry.java:234)
	at org.springframework.beans.factory.support.AbstractBeanFactory.doGetBean(AbstractBeanFactory.java:324)
	at org.springframework.beans.factory.support.AbstractBeanFactory.getBean(AbstractBeanFactory.java:200)
	at org.springframework.beans.factory.config.DependencyDescriptor.resolveCandidate(DependencyDescriptor.java:254)
	at org.springframework.beans.factory.support.DefaultListableBeanFactory.doResolveDependency(DefaultListableBeanFactory.java:1443)
	at org.springframework.beans.factory.support.DefaultListableBeanFactory.resolveDependency(DefaultListableBeanFactory.java:1353)
	at org.springframework.beans.factory.annotation.AutowiredAnnotationBeanPostProcessor$AutowiredFieldElement.resolveFieldValue(AutowiredAnnotationBeanPostProcessor.java:784)
	... 98 common frames omitted
Caused by: org.springframework.beans.BeanInstantiationException: Failed to instantiate [org.springframework.batch.core.Job]: Factory method 'hourlyAggregationJob' threw exception with message: Error creating bean with name 'mergeHourlyTracksStep' defined in class path resource [gc/mda/signal_batch/batch/job/HourlyAggregationStepConfig.class]: Failed to instantiate [org.springframework.batch.core.Step]: Factory method 'mergeHourlyTracksStep' threw exception with message: Error creating bean with name 'hourlyTrackProcessorWithAbnormalDetection' defined in class path resource [gc/mda/signal_batch/batch/job/HourlyAggregationStepConfig.class]: Failed to instantiate [org.springframework.batch.item.ItemProcessor]: Factory method 'hourlyTrackProcessorWithAbnormalDetection' threw exception with message: Error creating bean with name 'hourlyTrackItemProcessor' defined in class path resource [gc/mda/signal_batch/batch/job/HourlyAggregationStepConfig.class]: Failed to instantiate [org.springframework.batch.item.ItemProcessor]: Factory method 'hourlyTrackItemProcessor' threw exception with message: Unresolved compilation problem: 
	The constructor HourlyTrackProcessor(DataSource, JdbcTemplate) is undefined

	at org.springframework.beans.factory.support.SimpleInstantiationStrategy.instantiate(SimpleInstantiationStrategy.java:177)
	at org.springframework.beans.factory.support.ConstructorResolver.instantiate(ConstructorResolver.java:644)
	... 111 common frames omitted
Caused by: org.springframework.beans.factory.BeanCreationException: Error creating bean with name 'mergeHourlyTracksStep' defined in class path resource [gc/mda/signal_batch/batch/job/HourlyAggregationStepConfig.class]: Failed to instantiate [org.springframework.batch.core.Step]: Factory method 'mergeHourlyTracksStep' threw exception with message: Error creating bean with name 'hourlyTrackProcessorWithAbnormalDetection' defined in class path resource [gc/mda/signal_batch/batch/job/HourlyAggregationStepConfig.class]: Failed to instantiate [org.springframework.batch.item.ItemProcessor]: Factory method 'hourlyTrackProcessorWithAbnormalDetection' threw exception with message: Error creating bean with name 'hourlyTrackItemProcessor' defined in class path resource [gc/mda/signal_batch/batch/job/HourlyAggregationStepConfig.class]: Failed to instantiate [org.springframework.batch.item.ItemProcessor]: Factory method 'hourlyTrackItemProcessor' threw exception with message: Unresolved compilation problem: 
	The constructor HourlyTrackProcessor(DataSource, JdbcTemplate) is undefined

	at org.springframework.beans.factory.support.ConstructorResolver.instantiate(ConstructorResolver.java:648)
	at org.springframework.beans.factory.support.ConstructorResolver.instantiateUsingFactoryMethod(ConstructorResolver.java:485)
	at org.springframework.beans.factory.support.AbstractAutowireCapableBeanFactory.instantiateUsingFactoryMethod(AbstractAutowireCapableBeanFactory.java:1335)
	at org.springframework.beans.factory.support.AbstractAutowireCapableBeanFactory.createBeanInstance(AbstractAutowireCapableBeanFactory.java:1165)
	at org.springframework.beans.factory.support.AbstractAutowireCapableBeanFactory.doCreateBean(AbstractAutowireCapableBeanFactory.java:562)
	at org.springframework.beans.factory.support.AbstractAutowireCapableBeanFactory.createBean(AbstractAutowireCapableBeanFactory.java:522)
	at org.springframework.beans.factory.support.AbstractBeanFactory.lambda$doGetBean$0(AbstractBeanFactory.java:326)
	at org.springframework.beans.factory.support.DefaultSingletonBeanRegistry.getSingleton(DefaultSingletonBeanRegistry.java:234)
	at org.springframework.beans.factory.support.AbstractBeanFactory.doGetBean(AbstractBeanFactory.java:324)
	at org.springframework.beans.factory.support.AbstractBeanFactory.getBean(AbstractBeanFactory.java:200)
	at org.springframework.context.annotation.ConfigurationClassEnhancer$BeanMethodInterceptor.resolveBeanReference(ConfigurationClassEnhancer.java:363)
	at org.springframework.context.annotation.ConfigurationClassEnhancer$BeanMethodInterceptor.intercept(ConfigurationClassEnhancer.java:334)
	at gc.mda.signal_batch.batch.job.HourlyAggregationStepConfig$$SpringCGLIB$$0.mergeHourlyTracksStep(<generated>)
	at gc.mda.signal_batch.batch.job.HourlyAggregationJobConfig.hourlyAggregationJob(HourlyAggregationJobConfig.java:30)
	at gc.mda.signal_batch.batch.job.HourlyAggregationJobConfig$$SpringCGLIB$$0.CGLIB$hourlyAggregationJob$0(<generated>)
	at gc.mda.signal_batch.batch.job.HourlyAggregationJobConfig$$SpringCGLIB$$FastClass$$1.invoke(<generated>)
	at org.springframework.cglib.proxy.MethodProxy.invokeSuper(MethodProxy.java:258)
	at org.springframework.context.annotation.ConfigurationClassEnhancer$BeanMethodInterceptor.intercept(ConfigurationClassEnhancer.java:331)
	at gc.mda.signal_batch.batch.job.HourlyAggregationJobConfig$$SpringCGLIB$$0.hourlyAggregationJob(<generated>)
	at java.base/jdk.internal.reflect.NativeMethodAccessorImpl.invoke0(Native Method)
	at java.base/jdk.internal.reflect.NativeMethodAccessorImpl.invoke(NativeMethodAccessorImpl.java:77)
	at java.base/jdk.internal.reflect.DelegatingMethodAccessorImpl.invoke(DelegatingMethodAccessorImpl.java:43)
	at java.base/java.lang.reflect.Method.invoke(Method.java:569)
	at org.springframework.beans.factory.support.SimpleInstantiationStrategy.instantiate(SimpleInstantiationStrategy.java:140)
	... 112 common frames omitted
Caused by: org.springframework.beans.BeanInstantiationException: Failed to instantiate [org.springframework.batch.core.Step]: Factory method 'mergeHourlyTracksStep' threw exception with message: Error creating bean with name 'hourlyTrackProcessorWithAbnormalDetection' defined in class path resource [gc/mda/signal_batch/batch/job/HourlyAggregationStepConfig.class]: Failed to instantiate [org.springframework.batch.item.ItemProcessor]: Factory method 'hourlyTrackProcessorWithAbnormalDetection' threw exception with message: Error creating bean with name 'hourlyTrackItemProcessor' defined in class path resource [gc/mda/signal_batch/batch/job/HourlyAggregationStepConfig.class]: Failed to instantiate [org.springframework.batch.item.ItemProcessor]: Factory method 'hourlyTrackItemProcessor' threw exception with message: Unresolved compilation problem: 
	The constructor HourlyTrackProcessor(DataSource, JdbcTemplate) is undefined

	at org.springframework.beans.factory.support.SimpleInstantiationStrategy.instantiate(SimpleInstantiationStrategy.java:177)
	at org.springframework.beans.factory.support.ConstructorResolver.instantiate(ConstructorResolver.java:644)
	... 135 common frames omitted
Caused by: org.springframework.beans.factory.BeanCreationException: Error creating bean with name 'hourlyTrackProcessorWithAbnormalDetection' defined in class path resource [gc/mda/signal_batch/batch/job/HourlyAggregationStepConfig.class]: Failed to instantiate [org.springframework.batch.item.ItemProcessor]: Factory method 'hourlyTrackProcessorWithAbnormalDetection' threw exception with message: Error creating bean with name 'hourlyTrackItemProcessor' defined in class path resource [gc/mda/signal_batch/batch/job/HourlyAggregationStepConfig.class]: Failed to instantiate [org.springframework.batch.item.ItemProcessor]: Factory method 'hourlyTrackItemProcessor' threw exception with message: Unresolved compilation problem: 
	The constructor HourlyTrackProcessor(DataSource, JdbcTemplate) is undefined

	at org.springframework.beans.factory.support.ConstructorResolver.instantiate(ConstructorResolver.java:648)
	at org.springframework.beans.factory.support.ConstructorResolver.instantiateUsingFactoryMethod(ConstructorResolver.java:485)
	at org.springframework.beans.factory.support.AbstractAutowireCapableBeanFactory.instantiateUsingFactoryMethod(AbstractAutowireCapableBeanFactory.java:1335)
	at org.springframework.beans.factory.support.AbstractAutowireCapableBeanFactory.createBeanInstance(AbstractAutowireCapableBeanFactory.java:1165)
	at org.springframework.beans.factory.support.AbstractAutowireCapableBeanFactory.doCreateBean(AbstractAutowireCapableBeanFactory.java:562)
	at org.springframework.beans.factory.support.AbstractAutowireCapableBeanFactory.createBean(AbstractAutowireCapableBeanFactory.java:522)
	at org.springframework.beans.factory.support.AbstractBeanFactory.lambda$doGetBean$0(AbstractBeanFactory.java:326)
	at org.springframework.beans.factory.support.DefaultSingletonBeanRegistry.getSingleton(DefaultSingletonBeanRegistry.java:234)
	at org.springframework.beans.factory.support.AbstractBeanFactory.doGetBean(AbstractBeanFactory.java:324)
	at org.springframework.beans.factory.support.AbstractBeanFactory.getBean(AbstractBeanFactory.java:200)
	at org.springframework.context.annotation.ConfigurationClassEnhancer$BeanMethodInterceptor.resolveBeanReference(ConfigurationClassEnhancer.java:363)
	at org.springframework.context.annotation.ConfigurationClassEnhancer$BeanMethodInterceptor.intercept(ConfigurationClassEnhancer.java:334)
	at gc.mda.signal_batch.batch.job.HourlyAggregationStepConfig$$SpringCGLIB$$0.hourlyTrackProcessorWithAbnormalDetection(<generated>)
	at gc.mda.signal_batch.batch.job.HourlyAggregationStepConfig.mergeHourlyTracksStep(HourlyAggregationStepConfig.java:67)
	at gc.mda.signal_batch.batch.job.HourlyAggregationStepConfig$$SpringCGLIB$$0.CGLIB$mergeHourlyTracksStep$4(<generated>)
	at gc.mda.signal_batch.batch.job.HourlyAggregationStepConfig$$SpringCGLIB$$FastClass$$1.invoke(<generated>)
	at org.springframework.cglib.proxy.MethodProxy.invokeSuper(MethodProxy.java:258)
	at org.springframework.context.annotation.ConfigurationClassEnhancer$BeanMethodInterceptor.intercept(ConfigurationClassEnhancer.java:331)
	at gc.mda.signal_batch.batch.job.HourlyAggregationStepConfig$$SpringCGLIB$$0.mergeHourlyTracksStep(<generated>)
	at java.base/jdk.internal.reflect.NativeMethodAccessorImpl.invoke0(Native Method)
	at java.base/jdk.internal.reflect.NativeMethodAccessorImpl.invoke(NativeMethodAccessorImpl.java:77)
	at java.base/jdk.internal.reflect.DelegatingMethodAccessorImpl.invoke(DelegatingMethodAccessorImpl.java:43)
	at java.base/java.lang.reflect.Method.invoke(Method.java:569)
	at org.springframework.beans.factory.support.SimpleInstantiationStrategy.instantiate(SimpleInstantiationStrategy.java:140)
	... 136 common frames omitted
Caused by: org.springframework.beans.BeanInstantiationException: Failed to instantiate [org.springframework.batch.item.ItemProcessor]: Factory method 'hourlyTrackProcessorWithAbnormalDetection' threw exception with message: Error creating bean with name 'hourlyTrackItemProcessor' defined in class path resource [gc/mda/signal_batch/batch/job/HourlyAggregationStepConfig.class]: Failed to instantiate [org.springframework.batch.item.ItemProcessor]: Factory method 'hourlyTrackItemProcessor' threw exception with message: Unresolved compilation problem: 
	The constructor HourlyTrackProcessor(DataSource, JdbcTemplate) is undefined

	at org.springframework.beans.factory.support.SimpleInstantiationStrategy.instantiate(SimpleInstantiationStrategy.java:177)
	at org.springframework.beans.factory.support.ConstructorResolver.instantiate(ConstructorResolver.java:644)
	... 159 common frames omitted
Caused by: org.springframework.beans.factory.BeanCreationException: Error creating bean with name 'hourlyTrackItemProcessor' defined in class path resource [gc/mda/signal_batch/batch/job/HourlyAggregationStepConfig.class]: Failed to instantiate [org.springframework.batch.item.ItemProcessor]: Factory method 'hourlyTrackItemProcessor' threw exception with message: Unresolved compilation problem: 
	The constructor HourlyTrackProcessor(DataSource, JdbcTemplate) is undefined

	at org.springframework.beans.factory.support.ConstructorResolver.instantiate(ConstructorResolver.java:648)
	at org.springframework.beans.factory.support.ConstructorResolver.instantiateUsingFactoryMethod(ConstructorResolver.java:485)
	at org.springframework.beans.factory.support.AbstractAutowireCapableBeanFactory.instantiateUsingFactoryMethod(AbstractAutowireCapableBeanFactory.java:1335)
	at org.springframework.beans.factory.support.AbstractAutowireCapableBeanFactory.createBeanInstance(AbstractAutowireCapableBeanFactory.java:1165)
	at org.springframework.beans.factory.support.AbstractAutowireCapableBeanFactory.doCreateBean(AbstractAutowireCapableBeanFactory.java:562)
	at org.springframework.beans.factory.support.AbstractAutowireCapableBeanFactory.createBean(AbstractAutowireCapableBeanFactory.java:522)
	at org.springframework.beans.factory.support.AbstractBeanFactory.lambda$doGetBean$0(AbstractBeanFactory.java:326)
	at org.springframework.beans.factory.support.DefaultSingletonBeanRegistry.getSingleton(DefaultSingletonBeanRegistry.java:234)
	at org.springframework.beans.factory.support.AbstractBeanFactory.doGetBean(AbstractBeanFactory.java:324)
	at org.springframework.beans.factory.support.AbstractBeanFactory.getBean(AbstractBeanFactory.java:200)
	at org.springframework.context.annotation.ConfigurationClassEnhancer$BeanMethodInterceptor.resolveBeanReference(ConfigurationClassEnhancer.java:363)
	at org.springframework.context.annotation.ConfigurationClassEnhancer$BeanMethodInterceptor.intercept(ConfigurationClassEnhancer.java:334)
	at gc.mda.signal_batch.batch.job.HourlyAggregationStepConfig$$SpringCGLIB$$0.hourlyTrackItemProcessor(<generated>)
	at gc.mda.signal_batch.batch.job.HourlyAggregationStepConfig.hourlyTrackProcessorWithAbnormalDetection(HourlyAggregationStepConfig.java:332)
	at gc.mda.signal_batch.batch.job.HourlyAggregationStepConfig$$SpringCGLIB$$0.CGLIB$hourlyTrackProcessorWithAbnormalDetection$8(<generated>)
	at gc.mda.signal_batch.batch.job.HourlyAggregationStepConfig$$SpringCGLIB$$FastClass$$1.invoke(<generated>)
	at org.springframework.cglib.proxy.MethodProxy.invokeSuper(MethodProxy.java:258)
	at org.springframework.context.annotation.ConfigurationClassEnhancer$BeanMethodInterceptor.intercept(ConfigurationClassEnhancer.java:331)
	at gc.mda.signal_batch.batch.job.HourlyAggregationStepConfig$$SpringCGLIB$$0.hourlyTrackProcessorWithAbnormalDetection(<generated>)
	at java.base/jdk.internal.reflect.NativeMethodAccessorImpl.invoke0(Native Method)
	at java.base/jdk.internal.reflect.NativeMethodAccessorImpl.invoke(NativeMethodAccessorImpl.java:77)
	at java.base/jdk.internal.reflect.DelegatingMethodAccessorImpl.invoke(DelegatingMethodAccessorImpl.java:43)
	at java.base/java.lang.reflect.Method.invoke(Method.java:569)
	at org.springframework.beans.factory.support.SimpleInstantiationStrategy.instantiate(SimpleInstantiationStrategy.java:140)
	... 160 common frames omitted
Caused by: org.springframework.beans.BeanInstantiationException: Failed to instantiate [org.springframework.batch.item.ItemProcessor]: Factory method 'hourlyTrackItemProcessor' threw exception with message: Unresolved compilation problem: 
	The constructor HourlyTrackProcessor(DataSource, JdbcTemplate) is undefined

	at org.springframework.beans.factory.support.SimpleInstantiationStrategy.instantiate(SimpleInstantiationStrategy.java:177)
	at org.springframework.beans.factory.support.ConstructorResolver.instantiate(ConstructorResolver.java:644)
	... 183 common frames omitted
Caused by: java.lang.Error: Unresolved compilation problem: 
	The constructor HourlyTrackProcessor(DataSource, JdbcTemplate) is undefined

	at gc.mda.signal_batch.batch.job.HourlyAggregationStepConfig.hourlyTrackItemProcessor(HourlyAggregationStepConfig.java:135)
	at gc.mda.signal_batch.batch.job.HourlyAggregationStepConfig$$SpringCGLIB$$0.CGLIB$hourlyTrackItemProcessor$0(<generated>)
	at gc.mda.signal_batch.batch.job.HourlyAggregationStepConfig$$SpringCGLIB$$FastClass$$1.invoke(<generated>)
	at org.springframework.cglib.proxy.MethodProxy.invokeSuper(MethodProxy.java:258)
	at org.springframework.context.annotation.ConfigurationClassEnhancer$BeanMethodInterceptor.intercept(ConfigurationClassEnhancer.java:331)
	at gc.mda.signal_batch.batch.job.HourlyAggregationStepConfig$$SpringCGLIB$$0.hourlyTrackItemProcessor(<generated>)
	at java.base/jdk.internal.reflect.NativeMethodAccessorImpl.invoke0(Native Method)
	at java.base/jdk.internal.reflect.NativeMethodAccessorImpl.invoke(NativeMethodAccessorImpl.java:77)
	at java.base/jdk.internal.reflect.DelegatingMethodAccessorImpl.invoke(DelegatingMethodAccessorImpl.java:43)
	at java.base/java.lang.reflect.Method.invoke(Method.java:569)
	at org.springframework.beans.factory.support.SimpleInstantiationStrategy.instantiate(SimpleInstantiationStrategy.java:140)
	... 184 common frames omitted
2025-08-19 16:00:19 [main] WARN  o.s.test.context.TestContextManager - Caught exception while allowing TestExecutionListener [org.springframework.test.context.web.ServletTestExecutionListener] to prepare test instance [gc.mda.signal_batch.performance.IndexStatusTest@180f33b2]
java.lang.IllegalStateException: Failed to load ApplicationContext for [WebMergedContextConfiguration@361fa478 testClass = gc.mda.signal_batch.performance.IndexStatusTest, locations = [], classes = [gc.mda.signal_batch.SignalBatchApplication], contextInitializerClasses = [], activeProfiles = ["dev"], propertySourceDescriptors = [], propertySourceProperties = ["org.springframework.boot.test.context.SpringBootTestContextBootstrapper=true"], contextCustomizers = [org.springframework.boot.test.context.filter.ExcludeFilterContextCustomizer@471a9022, org.springframework.boot.test.json.DuplicateJsonObjectContextCustomizerFactory$DuplicateJsonObjectContextCustomizer@4b2c5e02, org.springframework.boot.test.mock.mockito.MockitoContextCustomizer@0, org.springframework.boot.test.web.client.TestRestTemplateContextCustomizer@2bec854f, org.springframework.boot.test.autoconfigure.actuate.observability.ObservabilityContextCustomizerFactory$DisableObservabilityContextCustomizer@1f, org.springframework.boot.test.autoconfigure.properties.PropertyMappingContextCustomizer@0, org.springframework.boot.test.autoconfigure.web.servlet.WebDriverContextCustomizer@2e32ccc5, org.springframework.boot.test.context.SpringBootTestAnnotation@e977a522], resourceBasePath = "src/main/webapp", contextLoader = org.springframework.boot.test.context.SpringBootContextLoader, parent = null]
	at org.springframework.test.context.cache.DefaultCacheAwareContextLoaderDelegate.loadContext(DefaultCacheAwareContextLoaderDelegate.java:180)
	at org.springframework.test.context.support.DefaultTestContext.getApplicationContext(DefaultTestContext.java:130)
	at org.springframework.test.context.web.ServletTestExecutionListener.setUpRequestContextIfNecessary(ServletTestExecutionListener.java:191)
	at org.springframework.test.context.web.ServletTestExecutionListener.prepareTestInstance(ServletTestExecutionListener.java:130)
	at org.springframework.test.context.TestContextManager.prepareTestInstance(TestContextManager.java:260)
	at org.springframework.test.context.junit.jupiter.SpringExtension.postProcessTestInstance(SpringExtension.java:163)
	at org.junit.jupiter.engine.descriptor.ClassBasedTestDescriptor.lambda$invokeTestInstancePostProcessors$10(ClassBasedTestDescriptor.java:378)
	at org.junit.jupiter.engine.descriptor.ClassBasedTestDescriptor.executeAndMaskThrowable(ClassBasedTestDescriptor.java:383)
	at org.junit.jupiter.engine.descriptor.ClassBasedTestDescriptor.lambda$invokeTestInstancePostProcessors$11(ClassBasedTestDescriptor.java:378)
	at java.base/java.util.stream.ReferencePipeline$3$1.accept(ReferencePipeline.java:197)
	at java.base/java.util.stream.ReferencePipeline$2$1.accept(ReferencePipeline.java:179)
	at java.base/java.util.ArrayList$ArrayListSpliterator.forEachRemaining(ArrayList.java:1625)
	at java.base/java.util.stream.AbstractPipeline.copyInto(AbstractPipeline.java:509)
	at java.base/java.util.stream.AbstractPipeline.wrapAndCopyInto(AbstractPipeline.java:499)
	at java.base/java.util.stream.StreamSpliterators$WrappingSpliterator.forEachRemaining(StreamSpliterators.java:310)
	at java.base/java.util.stream.Streams$ConcatSpliterator.forEachRemaining(Streams.java:735)
	at java.base/java.util.stream.Streams$ConcatSpliterator.forEachRemaining(Streams.java:734)
	at java.base/java.util.stream.ReferencePipeline$Head.forEach(ReferencePipeline.java:762)
	at org.junit.jupiter.engine.descriptor.ClassBasedTestDescriptor.invokeTestInstancePostProcessors(ClassBasedTestDescriptor.java:377)
	at org.junit.jupiter.engine.descriptor.ClassBasedTestDescriptor.lambda$instantiateAndPostProcessTestInstance$6(ClassBasedTestDescriptor.java:290)
	at org.junit.platform.engine.support.hierarchical.ThrowableCollector.execute(ThrowableCollector.java:73)
	at org.junit.jupiter.engine.descriptor.ClassBasedTestDescriptor.instantiateAndPostProcessTestInstance(ClassBasedTestDescriptor.java:289)
	at org.junit.jupiter.engine.descriptor.ClassBasedTestDescriptor.lambda$testInstancesProvider$4(ClassBasedTestDescriptor.java:279)
	at java.base/java.util.Optional.orElseGet(Optional.java:364)
	at org.junit.jupiter.engine.descriptor.ClassBasedTestDescriptor.lambda$testInstancesProvider$5(ClassBasedTestDescriptor.java:278)
	at org.junit.jupiter.engine.execution.TestInstancesProvider.getTestInstances(TestInstancesProvider.java:31)
	at org.junit.jupiter.engine.descriptor.TestMethodTestDescriptor.lambda$prepare$0(TestMethodTestDescriptor.java:106)
	at org.junit.platform.engine.support.hierarchical.ThrowableCollector.execute(ThrowableCollector.java:73)
	at org.junit.jupiter.engine.descriptor.TestMethodTestDescriptor.prepare(TestMethodTestDescriptor.java:105)
	at org.junit.jupiter.engine.descriptor.TestMethodTestDescriptor.prepare(TestMethodTestDescriptor.java:69)
	at org.junit.platform.engine.support.hierarchical.NodeTestTask.lambda$prepare$2(NodeTestTask.java:123)
	at org.junit.platform.engine.support.hierarchical.ThrowableCollector.execute(ThrowableCollector.java:73)
	at org.junit.platform.engine.support.hierarchical.NodeTestTask.prepare(NodeTestTask.java:123)
	at org.junit.platform.engine.support.hierarchical.NodeTestTask.execute(NodeTestTask.java:90)
	at java.base/java.util.ArrayList.forEach(ArrayList.java:1511)
	at org.junit.platform.engine.support.hierarchical.SameThreadHierarchicalTestExecutorService.invokeAll(SameThreadHierarchicalTestExecutorService.java:41)
	at org.junit.platform.engine.support.hierarchical.NodeTestTask.lambda$executeRecursively$6(NodeTestTask.java:155)
	at org.junit.platform.engine.support.hierarchical.ThrowableCollector.execute(ThrowableCollector.java:73)
	at org.junit.platform.engine.support.hierarchical.NodeTestTask.lambda$executeRecursively$8(NodeTestTask.java:141)
	at org.junit.platform.engine.support.hierarchical.Node.around(Node.java:137)
	at org.junit.platform.engine.support.hierarchical.NodeTestTask.lambda$executeRecursively$9(NodeTestTask.java:139)
	at org.junit.platform.engine.support.hierarchical.ThrowableCollector.execute(ThrowableCollector.java:73)
	at org.junit.platform.engine.support.hierarchical.NodeTestTask.executeRecursively(NodeTestTask.java:138)
	at org.junit.platform.engine.support.hierarchical.NodeTestTask.execute(NodeTestTask.java:95)
	at java.base/java.util.ArrayList.forEach(ArrayList.java:1511)
	at org.junit.platform.engine.support.hierarchical.SameThreadHierarchicalTestExecutorService.invokeAll(SameThreadHierarchicalTestExecutorService.java:41)
	at org.junit.platform.engine.support.hierarchical.NodeTestTask.lambda$executeRecursively$6(NodeTestTask.java:155)
	at org.junit.platform.engine.support.hierarchical.ThrowableCollector.execute(ThrowableCollector.java:73)
	at org.junit.platform.engine.support.hierarchical.NodeTestTask.lambda$executeRecursively$8(NodeTestTask.java:141)
	at org.junit.platform.engine.support.hierarchical.Node.around(Node.java:137)
	at org.junit.platform.engine.support.hierarchical.NodeTestTask.lambda$executeRecursively$9(NodeTestTask.java:139)
	at org.junit.platform.engine.support.hierarchical.ThrowableCollector.execute(ThrowableCollector.java:73)
	at org.junit.platform.engine.support.hierarchical.NodeTestTask.executeRecursively(NodeTestTask.java:138)
	at org.junit.platform.engine.support.hierarchical.NodeTestTask.execute(NodeTestTask.java:95)
	at org.junit.platform.engine.support.hierarchical.SameThreadHierarchicalTestExecutorService.submit(SameThreadHierarchicalTestExecutorService.java:35)
	at org.junit.platform.engine.support.hierarchical.HierarchicalTestExecutor.execute(HierarchicalTestExecutor.java:57)
	at org.junit.platform.engine.support.hierarchical.HierarchicalTestEngine.execute(HierarchicalTestEngine.java:54)
	at org.junit.platform.launcher.core.EngineExecutionOrchestrator.execute(EngineExecutionOrchestrator.java:198)
	at org.junit.platform.launcher.core.EngineExecutionOrchestrator.execute(EngineExecutionOrchestrator.java:169)
	at org.junit.platform.launcher.core.EngineExecutionOrchestrator.execute(EngineExecutionOrchestrator.java:93)
	at org.junit.platform.launcher.core.EngineExecutionOrchestrator.lambda$execute$0(EngineExecutionOrchestrator.java:58)
	at org.junit.platform.launcher.core.EngineExecutionOrchestrator.withInterceptedStreams(EngineExecutionOrchestrator.java:141)
	at org.junit.platform.launcher.core.EngineExecutionOrchestrator.execute(EngineExecutionOrchestrator.java:57)
	at org.junit.platform.launcher.core.DefaultLauncher.execute(DefaultLauncher.java:103)
	at org.junit.platform.launcher.core.DefaultLauncher.execute(DefaultLauncher.java:85)
	at org.junit.platform.launcher.core.DelegatingLauncher.execute(DelegatingLauncher.java:47)
	at org.apache.maven.surefire.junitplatform.LazyLauncher.execute(LazyLauncher.java:56)
	at org.apache.maven.surefire.junitplatform.JUnitPlatformProvider.execute(JUnitPlatformProvider.java:184)
	at org.apache.maven.surefire.junitplatform.JUnitPlatformProvider.invokeAllTests(JUnitPlatformProvider.java:148)
	at org.apache.maven.surefire.junitplatform.JUnitPlatformProvider.invoke(JUnitPlatformProvider.java:122)
	at org.apache.maven.surefire.booter.ForkedBooter.runSuitesInProcess(ForkedBooter.java:385)
	at org.apache.maven.surefire.booter.ForkedBooter.execute(ForkedBooter.java:162)
	at org.apache.maven.surefire.booter.ForkedBooter.run(ForkedBooter.java:507)
	at org.apache.maven.surefire.booter.ForkedBooter.main(ForkedBooter.java:495)
Caused by: org.springframework.beans.factory.UnsatisfiedDependencyException: Error creating bean with name 'vesselBatchScheduler': Unsatisfied dependency expressed through field 'hourlyAggregationJob': Error creating bean with name 'hourlyAggregationJob' defined in class path resource [gc/mda/signal_batch/batch/job/HourlyAggregationJobConfig.class]: Failed to instantiate [org.springframework.batch.core.Job]: Factory method 'hourlyAggregationJob' threw exception with message: Error creating bean with name 'mergeHourlyTracksStep' defined in class path resource [gc/mda/signal_batch/batch/job/HourlyAggregationStepConfig.class]: Failed to instantiate [org.springframework.batch.core.Step]: Factory method 'mergeHourlyTracksStep' threw exception with message: Error creating bean with name 'hourlyTrackProcessorWithAbnormalDetection' defined in class path resource [gc/mda/signal_batch/batch/job/HourlyAggregationStepConfig.class]: Failed to instantiate [org.springframework.batch.item.ItemProcessor]: Factory method 'hourlyTrackProcessorWithAbnormalDetection' threw exception with message: Error creating bean with name 'hourlyTrackItemProcessor' defined in class path resource [gc/mda/signal_batch/batch/job/HourlyAggregationStepConfig.class]: Failed to instantiate [org.springframework.batch.item.ItemProcessor]: Factory method 'hourlyTrackItemProcessor' threw exception with message: Unresolved compilation problem: 
	The constructor HourlyTrackProcessor(DataSource, JdbcTemplate) is undefined

	at org.springframework.beans.factory.annotation.AutowiredAnnotationBeanPostProcessor$AutowiredFieldElement.resolveFieldValue(AutowiredAnnotationBeanPostProcessor.java:787)
	at org.springframework.beans.factory.annotation.AutowiredAnnotationBeanPostProcessor$AutowiredFieldElement.inject(AutowiredAnnotationBeanPostProcessor.java:767)
	at org.springframework.beans.factory.annotation.InjectionMetadata.inject(InjectionMetadata.java:145)
	at org.springframework.beans.factory.annotation.AutowiredAnnotationBeanPostProcessor.postProcessProperties(AutowiredAnnotationBeanPostProcessor.java:508)
	at org.springframework.beans.factory.support.AbstractAutowireCapableBeanFactory.populateBean(AbstractAutowireCapableBeanFactory.java:1419)
	at org.springframework.beans.factory.support.AbstractAutowireCapableBeanFactory.doCreateBean(AbstractAutowireCapableBeanFactory.java:599)
	at org.springframework.beans.factory.support.AbstractAutowireCapableBeanFactory.createBean(AbstractAutowireCapableBeanFactory.java:522)
	at org.springframework.beans.factory.support.AbstractBeanFactory.lambda$doGetBean$0(AbstractBeanFactory.java:326)
	at org.springframework.beans.factory.support.DefaultSingletonBeanRegistry.getSingleton(DefaultSingletonBeanRegistry.java:234)
	at org.springframework.beans.factory.support.AbstractBeanFactory.doGetBean(AbstractBeanFactory.java:324)
	at org.springframework.beans.factory.support.AbstractBeanFactory.getBean(AbstractBeanFactory.java:200)
	at org.springframework.beans.factory.support.DefaultListableBeanFactory.preInstantiateSingletons(DefaultListableBeanFactory.java:975)
	at org.springframework.context.support.AbstractApplicationContext.finishBeanFactoryInitialization(AbstractApplicationContext.java:962)
	at org.springframework.context.support.AbstractApplicationContext.refresh(AbstractApplicationContext.java:624)
	at org.springframework.boot.SpringApplication.refresh(SpringApplication.java:754)
	at org.springframework.boot.SpringApplication.refreshContext(SpringApplication.java:456)
	at org.springframework.boot.SpringApplication.run(SpringApplication.java:334)
	at org.springframework.boot.test.context.SpringBootContextLoader.lambda$loadContext$3(SpringBootContextLoader.java:137)
	at org.springframework.util.function.ThrowingSupplier.get(ThrowingSupplier.java:58)
	at org.springframework.util.function.ThrowingSupplier.get(ThrowingSupplier.java:46)
	at org.springframework.boot.SpringApplication.withHook(SpringApplication.java:1454)
	at org.springframework.boot.test.context.SpringBootContextLoader$ContextLoaderHook.run(SpringBootContextLoader.java:553)
	at org.springframework.boot.test.context.SpringBootContextLoader.loadContext(SpringBootContextLoader.java:137)
	at org.springframework.boot.test.context.SpringBootContextLoader.loadContext(SpringBootContextLoader.java:108)
	at org.springframework.test.context.cache.DefaultCacheAwareContextLoaderDelegate.loadContextInternal(DefaultCacheAwareContextLoaderDelegate.java:225)
	at org.springframework.test.context.cache.DefaultCacheAwareContextLoaderDelegate.loadContext(DefaultCacheAwareContextLoaderDelegate.java:152)
	... 73 common frames omitted
Caused by: org.springframework.beans.factory.BeanCreationException: Error creating bean with name 'hourlyAggregationJob' defined in class path resource [gc/mda/signal_batch/batch/job/HourlyAggregationJobConfig.class]: Failed to instantiate [org.springframework.batch.core.Job]: Factory method 'hourlyAggregationJob' threw exception with message: Error creating bean with name 'mergeHourlyTracksStep' defined in class path resource [gc/mda/signal_batch/batch/job/HourlyAggregationStepConfig.class]: Failed to instantiate [org.springframework.batch.core.Step]: Factory method 'mergeHourlyTracksStep' threw exception with message: Error creating bean with name 'hourlyTrackProcessorWithAbnormalDetection' defined in class path resource [gc/mda/signal_batch/batch/job/HourlyAggregationStepConfig.class]: Failed to instantiate [org.springframework.batch.item.ItemProcessor]: Factory method 'hourlyTrackProcessorWithAbnormalDetection' threw exception with message: Error creating bean with name 'hourlyTrackItemProcessor' defined in class path resource [gc/mda/signal_batch/batch/job/HourlyAggregationStepConfig.class]: Failed to instantiate [org.springframework.batch.item.ItemProcessor]: Factory method 'hourlyTrackItemProcessor' threw exception with message: Unresolved compilation problem: 
	The constructor HourlyTrackProcessor(DataSource, JdbcTemplate) is undefined

	at org.springframework.beans.factory.support.ConstructorResolver.instantiate(ConstructorResolver.java:648)
	at org.springframework.beans.factory.support.ConstructorResolver.instantiateUsingFactoryMethod(ConstructorResolver.java:485)
	at org.springframework.beans.factory.support.AbstractAutowireCapableBeanFactory.instantiateUsingFactoryMethod(AbstractAutowireCapableBeanFactory.java:1335)
	at org.springframework.beans.factory.support.AbstractAutowireCapableBeanFactory.createBeanInstance(AbstractAutowireCapableBeanFactory.java:1165)
	at org.springframework.beans.factory.support.AbstractAutowireCapableBeanFactory.doCreateBean(AbstractAutowireCapableBeanFactory.java:562)
	at org.springframework.beans.factory.support.AbstractAutowireCapableBeanFactory.createBean(AbstractAutowireCapableBeanFactory.java:522)
	at org.springframework.beans.factory.support.AbstractBeanFactory.lambda$doGetBean$0(AbstractBeanFactory.java:326)
	at org.springframework.beans.factory.support.DefaultSingletonBeanRegistry.getSingleton(DefaultSingletonBeanRegistry.java:234)
	at org.springframework.beans.factory.support.AbstractBeanFactory.doGetBean(AbstractBeanFactory.java:324)
	at org.springframework.beans.factory.support.AbstractBeanFactory.getBean(AbstractBeanFactory.java:200)
	at org.springframework.beans.factory.config.DependencyDescriptor.resolveCandidate(DependencyDescriptor.java:254)
	at org.springframework.beans.factory.support.DefaultListableBeanFactory.doResolveDependency(DefaultListableBeanFactory.java:1443)
	at org.springframework.beans.factory.support.DefaultListableBeanFactory.resolveDependency(DefaultListableBeanFactory.java:1353)
	at org.springframework.beans.factory.annotation.AutowiredAnnotationBeanPostProcessor$AutowiredFieldElement.resolveFieldValue(AutowiredAnnotationBeanPostProcessor.java:784)
	... 98 common frames omitted
Caused by: org.springframework.beans.BeanInstantiationException: Failed to instantiate [org.springframework.batch.core.Job]: Factory method 'hourlyAggregationJob' threw exception with message: Error creating bean with name 'mergeHourlyTracksStep' defined in class path resource [gc/mda/signal_batch/batch/job/HourlyAggregationStepConfig.class]: Failed to instantiate [org.springframework.batch.core.Step]: Factory method 'mergeHourlyTracksStep' threw exception with message: Error creating bean with name 'hourlyTrackProcessorWithAbnormalDetection' defined in class path resource [gc/mda/signal_batch/batch/job/HourlyAggregationStepConfig.class]: Failed to instantiate [org.springframework.batch.item.ItemProcessor]: Factory method 'hourlyTrackProcessorWithAbnormalDetection' threw exception with message: Error creating bean with name 'hourlyTrackItemProcessor' defined in class path resource [gc/mda/signal_batch/batch/job/HourlyAggregationStepConfig.class]: Failed to instantiate [org.springframework.batch.item.ItemProcessor]: Factory method 'hourlyTrackItemProcessor' threw exception with message: Unresolved compilation problem: 
	The constructor HourlyTrackProcessor(DataSource, JdbcTemplate) is undefined

	at org.springframework.beans.factory.support.SimpleInstantiationStrategy.instantiate(SimpleInstantiationStrategy.java:177)
	at org.springframework.beans.factory.support.ConstructorResolver.instantiate(ConstructorResolver.java:644)
	... 111 common frames omitted
Caused by: org.springframework.beans.factory.BeanCreationException: Error creating bean with name 'mergeHourlyTracksStep' defined in class path resource [gc/mda/signal_batch/batch/job/HourlyAggregationStepConfig.class]: Failed to instantiate [org.springframework.batch.core.Step]: Factory method 'mergeHourlyTracksStep' threw exception with message: Error creating bean with name 'hourlyTrackProcessorWithAbnormalDetection' defined in class path resource [gc/mda/signal_batch/batch/job/HourlyAggregationStepConfig.class]: Failed to instantiate [org.springframework.batch.item.ItemProcessor]: Factory method 'hourlyTrackProcessorWithAbnormalDetection' threw exception with message: Error creating bean with name 'hourlyTrackItemProcessor' defined in class path resource [gc/mda/signal_batch/batch/job/HourlyAggregationStepConfig.class]: Failed to instantiate [org.springframework.batch.item.ItemProcessor]: Factory method 'hourlyTrackItemProcessor' threw exception with message: Unresolved compilation problem: 
	The constructor HourlyTrackProcessor(DataSource, JdbcTemplate) is undefined

	at org.springframework.beans.factory.support.ConstructorResolver.instantiate(ConstructorResolver.java:648)
	at org.springframework.beans.factory.support.ConstructorResolver.instantiateUsingFactoryMethod(ConstructorResolver.java:485)
	at org.springframework.beans.factory.support.AbstractAutowireCapableBeanFactory.instantiateUsingFactoryMethod(AbstractAutowireCapableBeanFactory.java:1335)
	at org.springframework.beans.factory.support.AbstractAutowireCapableBeanFactory.createBeanInstance(AbstractAutowireCapableBeanFactory.java:1165)
	at org.springframework.beans.factory.support.AbstractAutowireCapableBeanFactory.doCreateBean(AbstractAutowireCapableBeanFactory.java:562)
	at org.springframework.beans.factory.support.AbstractAutowireCapableBeanFactory.createBean(AbstractAutowireCapableBeanFactory.java:522)
	at org.springframework.beans.factory.support.AbstractBeanFactory.lambda$doGetBean$0(AbstractBeanFactory.java:326)
	at org.springframework.beans.factory.support.DefaultSingletonBeanRegistry.getSingleton(DefaultSingletonBeanRegistry.java:234)
	at org.springframework.beans.factory.support.AbstractBeanFactory.doGetBean(AbstractBeanFactory.java:324)
	at org.springframework.beans.factory.support.AbstractBeanFactory.getBean(AbstractBeanFactory.java:200)
	at org.springframework.context.annotation.ConfigurationClassEnhancer$BeanMethodInterceptor.resolveBeanReference(ConfigurationClassEnhancer.java:363)
	at org.springframework.context.annotation.ConfigurationClassEnhancer$BeanMethodInterceptor.intercept(ConfigurationClassEnhancer.java:334)
	at gc.mda.signal_batch.batch.job.HourlyAggregationStepConfig$$SpringCGLIB$$0.mergeHourlyTracksStep(<generated>)
	at gc.mda.signal_batch.batch.job.HourlyAggregationJobConfig.hourlyAggregationJob(HourlyAggregationJobConfig.java:30)
	at gc.mda.signal_batch.batch.job.HourlyAggregationJobConfig$$SpringCGLIB$$0.CGLIB$hourlyAggregationJob$0(<generated>)
	at gc.mda.signal_batch.batch.job.HourlyAggregationJobConfig$$SpringCGLIB$$FastClass$$1.invoke(<generated>)
	at org.springframework.cglib.proxy.MethodProxy.invokeSuper(MethodProxy.java:258)
	at org.springframework.context.annotation.ConfigurationClassEnhancer$BeanMethodInterceptor.intercept(ConfigurationClassEnhancer.java:331)
	at gc.mda.signal_batch.batch.job.HourlyAggregationJobConfig$$SpringCGLIB$$0.hourlyAggregationJob(<generated>)
	at java.base/jdk.internal.reflect.NativeMethodAccessorImpl.invoke0(Native Method)
	at java.base/jdk.internal.reflect.NativeMethodAccessorImpl.invoke(NativeMethodAccessorImpl.java:77)
	at java.base/jdk.internal.reflect.DelegatingMethodAccessorImpl.invoke(DelegatingMethodAccessorImpl.java:43)
	at java.base/java.lang.reflect.Method.invoke(Method.java:569)
	at org.springframework.beans.factory.support.SimpleInstantiationStrategy.instantiate(SimpleInstantiationStrategy.java:140)
	... 112 common frames omitted
Caused by: org.springframework.beans.BeanInstantiationException: Failed to instantiate [org.springframework.batch.core.Step]: Factory method 'mergeHourlyTracksStep' threw exception with message: Error creating bean with name 'hourlyTrackProcessorWithAbnormalDetection' defined in class path resource [gc/mda/signal_batch/batch/job/HourlyAggregationStepConfig.class]: Failed to instantiate [org.springframework.batch.item.ItemProcessor]: Factory method 'hourlyTrackProcessorWithAbnormalDetection' threw exception with message: Error creating bean with name 'hourlyTrackItemProcessor' defined in class path resource [gc/mda/signal_batch/batch/job/HourlyAggregationStepConfig.class]: Failed to instantiate [org.springframework.batch.item.ItemProcessor]: Factory method 'hourlyTrackItemProcessor' threw exception with message: Unresolved compilation problem: 
	The constructor HourlyTrackProcessor(DataSource, JdbcTemplate) is undefined

	at org.springframework.beans.factory.support.SimpleInstantiationStrategy.instantiate(SimpleInstantiationStrategy.java:177)
	at org.springframework.beans.factory.support.ConstructorResolver.instantiate(ConstructorResolver.java:644)
	... 135 common frames omitted
Caused by: org.springframework.beans.factory.BeanCreationException: Error creating bean with name 'hourlyTrackProcessorWithAbnormalDetection' defined in class path resource [gc/mda/signal_batch/batch/job/HourlyAggregationStepConfig.class]: Failed to instantiate [org.springframework.batch.item.ItemProcessor]: Factory method 'hourlyTrackProcessorWithAbnormalDetection' threw exception with message: Error creating bean with name 'hourlyTrackItemProcessor' defined in class path resource [gc/mda/signal_batch/batch/job/HourlyAggregationStepConfig.class]: Failed to instantiate [org.springframework.batch.item.ItemProcessor]: Factory method 'hourlyTrackItemProcessor' threw exception with message: Unresolved compilation problem: 
	The constructor HourlyTrackProcessor(DataSource, JdbcTemplate) is undefined

	at org.springframework.beans.factory.support.ConstructorResolver.instantiate(ConstructorResolver.java:648)
	at org.springframework.beans.factory.support.ConstructorResolver.instantiateUsingFactoryMethod(ConstructorResolver.java:485)
	at org.springframework.beans.factory.support.AbstractAutowireCapableBeanFactory.instantiateUsingFactoryMethod(AbstractAutowireCapableBeanFactory.java:1335)
	at org.springframework.beans.factory.support.AbstractAutowireCapableBeanFactory.createBeanInstance(AbstractAutowireCapableBeanFactory.java:1165)
	at org.springframework.beans.factory.support.AbstractAutowireCapableBeanFactory.doCreateBean(AbstractAutowireCapableBeanFactory.java:562)
	at org.springframework.beans.factory.support.AbstractAutowireCapableBeanFactory.createBean(AbstractAutowireCapableBeanFactory.java:522)
	at org.springframework.beans.factory.support.AbstractBeanFactory.lambda$doGetBean$0(AbstractBeanFactory.java:326)
	at org.springframework.beans.factory.support.DefaultSingletonBeanRegistry.getSingleton(DefaultSingletonBeanRegistry.java:234)
	at org.springframework.beans.factory.support.AbstractBeanFactory.doGetBean(AbstractBeanFactory.java:324)
	at org.springframework.beans.factory.support.AbstractBeanFactory.getBean(AbstractBeanFactory.java:200)
	at org.springframework.context.annotation.ConfigurationClassEnhancer$BeanMethodInterceptor.resolveBeanReference(ConfigurationClassEnhancer.java:363)
	at org.springframework.context.annotation.ConfigurationClassEnhancer$BeanMethodInterceptor.intercept(ConfigurationClassEnhancer.java:334)
	at gc.mda.signal_batch.batch.job.HourlyAggregationStepConfig$$SpringCGLIB$$0.hourlyTrackProcessorWithAbnormalDetection(<generated>)
	at gc.mda.signal_batch.batch.job.HourlyAggregationStepConfig.mergeHourlyTracksStep(HourlyAggregationStepConfig.java:67)
	at gc.mda.signal_batch.batch.job.HourlyAggregationStepConfig$$SpringCGLIB$$0.CGLIB$mergeHourlyTracksStep$4(<generated>)
	at gc.mda.signal_batch.batch.job.HourlyAggregationStepConfig$$SpringCGLIB$$FastClass$$1.invoke(<generated>)
	at org.springframework.cglib.proxy.MethodProxy.invokeSuper(MethodProxy.java:258)
	at org.springframework.context.annotation.ConfigurationClassEnhancer$BeanMethodInterceptor.intercept(ConfigurationClassEnhancer.java:331)
	at gc.mda.signal_batch.batch.job.HourlyAggregationStepConfig$$SpringCGLIB$$0.mergeHourlyTracksStep(<generated>)
	at java.base/jdk.internal.reflect.NativeMethodAccessorImpl.invoke0(Native Method)
	at java.base/jdk.internal.reflect.NativeMethodAccessorImpl.invoke(NativeMethodAccessorImpl.java:77)
	at java.base/jdk.internal.reflect.DelegatingMethodAccessorImpl.invoke(DelegatingMethodAccessorImpl.java:43)
	at java.base/java.lang.reflect.Method.invoke(Method.java:569)
	at org.springframework.beans.factory.support.SimpleInstantiationStrategy.instantiate(SimpleInstantiationStrategy.java:140)
	... 136 common frames omitted
Caused by: org.springframework.beans.BeanInstantiationException: Failed to instantiate [org.springframework.batch.item.ItemProcessor]: Factory method 'hourlyTrackProcessorWithAbnormalDetection' threw exception with message: Error creating bean with name 'hourlyTrackItemProcessor' defined in class path resource [gc/mda/signal_batch/batch/job/HourlyAggregationStepConfig.class]: Failed to instantiate [org.springframework.batch.item.ItemProcessor]: Factory method 'hourlyTrackItemProcessor' threw exception with message: Unresolved compilation problem: 
	The constructor HourlyTrackProcessor(DataSource, JdbcTemplate) is undefined

	at org.springframework.beans.factory.support.SimpleInstantiationStrategy.instantiate(SimpleInstantiationStrategy.java:177)
	at org.springframework.beans.factory.support.ConstructorResolver.instantiate(ConstructorResolver.java:644)
	... 159 common frames omitted
Caused by: org.springframework.beans.factory.BeanCreationException: Error creating bean with name 'hourlyTrackItemProcessor' defined in class path resource [gc/mda/signal_batch/batch/job/HourlyAggregationStepConfig.class]: Failed to instantiate [org.springframework.batch.item.ItemProcessor]: Factory method 'hourlyTrackItemProcessor' threw exception with message: Unresolved compilation problem: 
	The constructor HourlyTrackProcessor(DataSource, JdbcTemplate) is undefined

	at org.springframework.beans.factory.support.ConstructorResolver.instantiate(ConstructorResolver.java:648)
	at org.springframework.beans.factory.support.ConstructorResolver.instantiateUsingFactoryMethod(ConstructorResolver.java:485)
	at org.springframework.beans.factory.support.AbstractAutowireCapableBeanFactory.instantiateUsingFactoryMethod(AbstractAutowireCapableBeanFactory.java:1335)
	at org.springframework.beans.factory.support.AbstractAutowireCapableBeanFactory.createBeanInstance(AbstractAutowireCapableBeanFactory.java:1165)
	at org.springframework.beans.factory.support.AbstractAutowireCapableBeanFactory.doCreateBean(AbstractAutowireCapableBeanFactory.java:562)
	at org.springframework.beans.factory.support.AbstractAutowireCapableBeanFactory.createBean(AbstractAutowireCapableBeanFactory.java:522)
	at org.springframework.beans.factory.support.AbstractBeanFactory.lambda$doGetBean$0(AbstractBeanFactory.java:326)
	at org.springframework.beans.factory.support.DefaultSingletonBeanRegistry.getSingleton(DefaultSingletonBeanRegistry.java:234)
	at org.springframework.beans.factory.support.AbstractBeanFactory.doGetBean(AbstractBeanFactory.java:324)
	at org.springframework.beans.factory.support.AbstractBeanFactory.getBean(AbstractBeanFactory.java:200)
	at org.springframework.context.annotation.ConfigurationClassEnhancer$BeanMethodInterceptor.resolveBeanReference(ConfigurationClassEnhancer.java:363)
	at org.springframework.context.annotation.ConfigurationClassEnhancer$BeanMethodInterceptor.intercept(ConfigurationClassEnhancer.java:334)
	at gc.mda.signal_batch.batch.job.HourlyAggregationStepConfig$$SpringCGLIB$$0.hourlyTrackItemProcessor(<generated>)
	at gc.mda.signal_batch.batch.job.HourlyAggregationStepConfig.hourlyTrackProcessorWithAbnormalDetection(HourlyAggregationStepConfig.java:332)
	at gc.mda.signal_batch.batch.job.HourlyAggregationStepConfig$$SpringCGLIB$$0.CGLIB$hourlyTrackProcessorWithAbnormalDetection$8(<generated>)
	at gc.mda.signal_batch.batch.job.HourlyAggregationStepConfig$$SpringCGLIB$$FastClass$$1.invoke(<generated>)
	at org.springframework.cglib.proxy.MethodProxy.invokeSuper(MethodProxy.java:258)
	at org.springframework.context.annotation.ConfigurationClassEnhancer$BeanMethodInterceptor.intercept(ConfigurationClassEnhancer.java:331)
	at gc.mda.signal_batch.batch.job.HourlyAggregationStepConfig$$SpringCGLIB$$0.hourlyTrackProcessorWithAbnormalDetection(<generated>)
	at java.base/jdk.internal.reflect.NativeMethodAccessorImpl.invoke0(Native Method)
	at java.base/jdk.internal.reflect.NativeMethodAccessorImpl.invoke(NativeMethodAccessorImpl.java:77)
	at java.base/jdk.internal.reflect.DelegatingMethodAccessorImpl.invoke(DelegatingMethodAccessorImpl.java:43)
	at java.base/java.lang.reflect.Method.invoke(Method.java:569)
	at org.springframework.beans.factory.support.SimpleInstantiationStrategy.instantiate(SimpleInstantiationStrategy.java:140)
	... 160 common frames omitted
Caused by: org.springframework.beans.BeanInstantiationException: Failed to instantiate [org.springframework.batch.item.ItemProcessor]: Factory method 'hourlyTrackItemProcessor' threw exception with message: Unresolved compilation problem: 
	The constructor HourlyTrackProcessor(DataSource, JdbcTemplate) is undefined

	at org.springframework.beans.factory.support.SimpleInstantiationStrategy.instantiate(SimpleInstantiationStrategy.java:177)
	at org.springframework.beans.factory.support.ConstructorResolver.instantiate(ConstructorResolver.java:644)
	... 183 common frames omitted
Caused by: java.lang.Error: Unresolved compilation problem: 
	The constructor HourlyTrackProcessor(DataSource, JdbcTemplate) is undefined

	at gc.mda.signal_batch.batch.job.HourlyAggregationStepConfig.hourlyTrackItemProcessor(HourlyAggregationStepConfig.java:135)
	at gc.mda.signal_batch.batch.job.HourlyAggregationStepConfig$$SpringCGLIB$$0.CGLIB$hourlyTrackItemProcessor$0(<generated>)
	at gc.mda.signal_batch.batch.job.HourlyAggregationStepConfig$$SpringCGLIB$$FastClass$$1.invoke(<generated>)
	at org.springframework.cglib.proxy.MethodProxy.invokeSuper(MethodProxy.java:258)
	at org.springframework.context.annotation.ConfigurationClassEnhancer$BeanMethodInterceptor.intercept(ConfigurationClassEnhancer.java:331)
	at gc.mda.signal_batch.batch.job.HourlyAggregationStepConfig$$SpringCGLIB$$0.hourlyTrackItemProcessor(<generated>)
	at java.base/jdk.internal.reflect.NativeMethodAccessorImpl.invoke0(Native Method)
	at java.base/jdk.internal.reflect.NativeMethodAccessorImpl.invoke(NativeMethodAccessorImpl.java:77)
	at java.base/jdk.internal.reflect.DelegatingMethodAccessorImpl.invoke(DelegatingMethodAccessorImpl.java:43)
	at java.base/java.lang.reflect.Method.invoke(Method.java:569)
	at org.springframework.beans.factory.support.SimpleInstantiationStrategy.instantiate(SimpleInstantiationStrategy.java:140)
	... 184 common frames omitted
2025-08-19 16:00:19 [main] WARN  o.s.test.context.TestContextManager - Caught exception while allowing TestExecutionListener [org.springframework.test.context.web.ServletTestExecutionListener] to prepare test instance [gc.mda.signal_batch.performance.IndexStatusTest@3180aee]
java.lang.IllegalStateException: ApplicationContext failure threshold (1) exceeded: skipping repeated attempt to load context for [WebMergedContextConfiguration@361fa478 testClass = gc.mda.signal_batch.performance.IndexStatusTest, locations = [], classes = [gc.mda.signal_batch.SignalBatchApplication], contextInitializerClasses = [], activeProfiles = ["dev"], propertySourceDescriptors = [], propertySourceProperties = ["org.springframework.boot.test.context.SpringBootTestContextBootstrapper=true"], contextCustomizers = [org.springframework.boot.test.context.filter.ExcludeFilterContextCustomizer@471a9022, org.springframework.boot.test.json.DuplicateJsonObjectContextCustomizerFactory$DuplicateJsonObjectContextCustomizer@4b2c5e02, org.springframework.boot.test.mock.mockito.MockitoContextCustomizer@0, org.springframework.boot.test.web.client.TestRestTemplateContextCustomizer@2bec854f, org.springframework.boot.test.autoconfigure.actuate.observability.ObservabilityContextCustomizerFactory$DisableObservabilityContextCustomizer@1f, org.springframework.boot.test.autoconfigure.properties.PropertyMappingContextCustomizer@0, org.springframework.boot.test.autoconfigure.web.servlet.WebDriverContextCustomizer@2e32ccc5, org.springframework.boot.test.context.SpringBootTestAnnotation@e977a522], resourceBasePath = "src/main/webapp", contextLoader = org.springframework.boot.test.context.SpringBootContextLoader, parent = null]
	at org.springframework.test.context.cache.DefaultCacheAwareContextLoaderDelegate.loadContext(DefaultCacheAwareContextLoaderDelegate.java:145)
	at org.springframework.test.context.support.DefaultTestContext.getApplicationContext(DefaultTestContext.java:130)
	at org.springframework.test.context.web.ServletTestExecutionListener.setUpRequestContextIfNecessary(ServletTestExecutionListener.java:191)
	at org.springframework.test.context.web.ServletTestExecutionListener.prepareTestInstance(ServletTestExecutionListener.java:130)
	at org.springframework.test.context.TestContextManager.prepareTestInstance(TestContextManager.java:260)
	at org.springframework.test.context.junit.jupiter.SpringExtension.postProcessTestInstance(SpringExtension.java:163)
	at org.junit.jupiter.engine.descriptor.ClassBasedTestDescriptor.lambda$invokeTestInstancePostProcessors$10(ClassBasedTestDescriptor.java:378)
	at org.junit.jupiter.engine.descriptor.ClassBasedTestDescriptor.executeAndMaskThrowable(ClassBasedTestDescriptor.java:383)
	at org.junit.jupiter.engine.descriptor.ClassBasedTestDescriptor.lambda$invokeTestInstancePostProcessors$11(ClassBasedTestDescriptor.java:378)
	at java.base/java.util.stream.ReferencePipeline$3$1.accept(ReferencePipeline.java:197)
	at java.base/java.util.stream.ReferencePipeline$2$1.accept(ReferencePipeline.java:179)
	at java.base/java.util.ArrayList$ArrayListSpliterator.forEachRemaining(ArrayList.java:1625)
	at java.base/java.util.stream.AbstractPipeline.copyInto(AbstractPipeline.java:509)
	at java.base/java.util.stream.AbstractPipeline.wrapAndCopyInto(AbstractPipeline.java:499)
	at java.base/java.util.stream.StreamSpliterators$WrappingSpliterator.forEachRemaining(StreamSpliterators.java:310)
	at java.base/java.util.stream.Streams$ConcatSpliterator.forEachRemaining(Streams.java:735)
	at java.base/java.util.stream.Streams$ConcatSpliterator.forEachRemaining(Streams.java:734)
	at java.base/java.util.stream.ReferencePipeline$Head.forEach(ReferencePipeline.java:762)
	at org.junit.jupiter.engine.descriptor.ClassBasedTestDescriptor.invokeTestInstancePostProcessors(ClassBasedTestDescriptor.java:377)
	at org.junit.jupiter.engine.descriptor.ClassBasedTestDescriptor.lambda$instantiateAndPostProcessTestInstance$6(ClassBasedTestDescriptor.java:290)
	at org.junit.platform.engine.support.hierarchical.ThrowableCollector.execute(ThrowableCollector.java:73)
	at org.junit.jupiter.engine.descriptor.ClassBasedTestDescriptor.instantiateAndPostProcessTestInstance(ClassBasedTestDescriptor.java:289)
	at org.junit.jupiter.engine.descriptor.ClassBasedTestDescriptor.lambda$testInstancesProvider$4(ClassBasedTestDescriptor.java:279)
	at java.base/java.util.Optional.orElseGet(Optional.java:364)
	at org.junit.jupiter.engine.descriptor.ClassBasedTestDescriptor.lambda$testInstancesProvider$5(ClassBasedTestDescriptor.java:278)
	at org.junit.jupiter.engine.execution.TestInstancesProvider.getTestInstances(TestInstancesProvider.java:31)
	at org.junit.jupiter.engine.descriptor.TestMethodTestDescriptor.lambda$prepare$0(TestMethodTestDescriptor.java:106)
	at org.junit.platform.engine.support.hierarchical.ThrowableCollector.execute(ThrowableCollector.java:73)
	at org.junit.jupiter.engine.descriptor.TestMethodTestDescriptor.prepare(TestMethodTestDescriptor.java:105)
	at org.junit.jupiter.engine.descriptor.TestMethodTestDescriptor.prepare(TestMethodTestDescriptor.java:69)
	at org.junit.platform.engine.support.hierarchical.NodeTestTask.lambda$prepare$2(NodeTestTask.java:123)
	at org.junit.platform.engine.support.hierarchical.ThrowableCollector.execute(ThrowableCollector.java:73)
	at org.junit.platform.engine.support.hierarchical.NodeTestTask.prepare(NodeTestTask.java:123)
	at org.junit.platform.engine.support.hierarchical.NodeTestTask.execute(NodeTestTask.java:90)
	at java.base/java.util.ArrayList.forEach(ArrayList.java:1511)
	at org.junit.platform.engine.support.hierarchical.SameThreadHierarchicalTestExecutorService.invokeAll(SameThreadHierarchicalTestExecutorService.java:41)
	at org.junit.platform.engine.support.hierarchical.NodeTestTask.lambda$executeRecursively$6(NodeTestTask.java:155)
	at org.junit.platform.engine.support.hierarchical.ThrowableCollector.execute(ThrowableCollector.java:73)
	at org.junit.platform.engine.support.hierarchical.NodeTestTask.lambda$executeRecursively$8(NodeTestTask.java:141)
	at org.junit.platform.engine.support.hierarchical.Node.around(Node.java:137)
	at org.junit.platform.engine.support.hierarchical.NodeTestTask.lambda$executeRecursively$9(NodeTestTask.java:139)
	at org.junit.platform.engine.support.hierarchical.ThrowableCollector.execute(ThrowableCollector.java:73)
	at org.junit.platform.engine.support.hierarchical.NodeTestTask.executeRecursively(NodeTestTask.java:138)
	at org.junit.platform.engine.support.hierarchical.NodeTestTask.execute(NodeTestTask.java:95)
	at java.base/java.util.ArrayList.forEach(ArrayList.java:1511)
	at org.junit.platform.engine.support.hierarchical.SameThreadHierarchicalTestExecutorService.invokeAll(SameThreadHierarchicalTestExecutorService.java:41)
	at org.junit.platform.engine.support.hierarchical.NodeTestTask.lambda$executeRecursively$6(NodeTestTask.java:155)
	at org.junit.platform.engine.support.hierarchical.ThrowableCollector.execute(ThrowableCollector.java:73)
	at org.junit.platform.engine.support.hierarchical.NodeTestTask.lambda$executeRecursively$8(NodeTestTask.java:141)
	at org.junit.platform.engine.support.hierarchical.Node.around(Node.java:137)
	at org.junit.platform.engine.support.hierarchical.NodeTestTask.lambda$executeRecursively$9(NodeTestTask.java:139)
	at org.junit.platform.engine.support.hierarchical.ThrowableCollector.execute(ThrowableCollector.java:73)
	at org.junit.platform.engine.support.hierarchical.NodeTestTask.executeRecursively(NodeTestTask.java:138)
	at org.junit.platform.engine.support.hierarchical.NodeTestTask.execute(NodeTestTask.java:95)
	at org.junit.platform.engine.support.hierarchical.SameThreadHierarchicalTestExecutorService.submit(SameThreadHierarchicalTestExecutorService.java:35)
	at org.junit.platform.engine.support.hierarchical.HierarchicalTestExecutor.execute(HierarchicalTestExecutor.java:57)
	at org.junit.platform.engine.support.hierarchical.HierarchicalTestEngine.execute(HierarchicalTestEngine.java:54)
	at org.junit.platform.launcher.core.EngineExecutionOrchestrator.execute(EngineExecutionOrchestrator.java:198)
	at org.junit.platform.launcher.core.EngineExecutionOrchestrator.execute(EngineExecutionOrchestrator.java:169)
	at org.junit.platform.launcher.core.EngineExecutionOrchestrator.execute(EngineExecutionOrchestrator.java:93)
	at org.junit.platform.launcher.core.EngineExecutionOrchestrator.lambda$execute$0(EngineExecutionOrchestrator.java:58)
	at org.junit.platform.launcher.core.EngineExecutionOrchestrator.withInterceptedStreams(EngineExecutionOrchestrator.java:141)
	at org.junit.platform.launcher.core.EngineExecutionOrchestrator.execute(EngineExecutionOrchestrator.java:57)
	at org.junit.platform.launcher.core.DefaultLauncher.execute(DefaultLauncher.java:103)
	at org.junit.platform.launcher.core.DefaultLauncher.execute(DefaultLauncher.java:85)
	at org.junit.platform.launcher.core.DelegatingLauncher.execute(DelegatingLauncher.java:47)
	at org.apache.maven.surefire.junitplatform.LazyLauncher.execute(LazyLauncher.java:56)
	at org.apache.maven.surefire.junitplatform.JUnitPlatformProvider.execute(JUnitPlatformProvider.java:184)
	at org.apache.maven.surefire.junitplatform.JUnitPlatformProvider.invokeAllTests(JUnitPlatformProvider.java:148)
	at org.apache.maven.surefire.junitplatform.JUnitPlatformProvider.invoke(JUnitPlatformProvider.java:122)
	at org.apache.maven.surefire.booter.ForkedBooter.runSuitesInProcess(ForkedBooter.java:385)
	at org.apache.maven.surefire.booter.ForkedBooter.execute(ForkedBooter.java:162)
	at org.apache.maven.surefire.booter.ForkedBooter.run(ForkedBooter.java:507)
	at org.apache.maven.surefire.booter.ForkedBooter.main(ForkedBooter.java:495)
2025-08-19 16:00:19 [main] INFO  o.s.t.c.s.AnnotationConfigContextLoaderUtils - Could not detect default configuration classes for test class [gc.mda.signal_batch.SignalBatchApplicationTests]: SignalBatchApplicationTests does not declare any static, non-private, non-final, nested classes annotated with @Configuration.
2025-08-19 16:00:19 [main] INFO  o.s.b.t.c.SpringBootTestContextBootstrapper - Found @SpringBootConfiguration gc.mda.signal_batch.SignalBatchApplication for test class gc.mda.signal_batch.SignalBatchApplicationTests
2025-08-19 16:00:19 [main] ERROR o.s.boot.SpringApplication - Application run failed
org.springframework.boot.context.config.InvalidConfigDataPropertyException: Property 'spring.profiles.active' imported from location 'class path resource [application-test.yml]' is invalid in a profile specific resource [origin: class path resource [application-test.yml] - 4:13]
	at org.springframework.boot.context.config.InvalidConfigDataPropertyException.lambda$throwIfPropertyFound$1(InvalidConfigDataPropertyException.java:121)
	at java.base/java.lang.Iterable.forEach(Iterable.java:75)
	at java.base/java.util.Collections$UnmodifiableCollection.forEach(Collections.java:1092)
	at org.springframework.boot.context.config.InvalidConfigDataPropertyException.throwIfPropertyFound(InvalidConfigDataPropertyException.java:118)
	at org.springframework.boot.context.config.ConfigDataEnvironment.checkForInvalidProperties(ConfigDataEnvironment.java:364)
	at org.springframework.boot.context.config.ConfigDataEnvironment.applyToEnvironment(ConfigDataEnvironment.java:328)
	at org.springframework.boot.context.config.ConfigDataEnvironment.processAndApply(ConfigDataEnvironment.java:235)
	at org.springframework.boot.context.config.ConfigDataEnvironmentPostProcessor.postProcessEnvironment(ConfigDataEnvironmentPostProcessor.java:96)
	at org.springframework.boot.context.config.ConfigDataEnvironmentPostProcessor.postProcessEnvironment(ConfigDataEnvironmentPostProcessor.java:89)
	at org.springframework.boot.env.EnvironmentPostProcessorApplicationListener.onApplicationEnvironmentPreparedEvent(EnvironmentPostProcessorApplicationListener.java:109)
	at org.springframework.boot.env.EnvironmentPostProcessorApplicationListener.onApplicationEvent(EnvironmentPostProcessorApplicationListener.java:94)
	at org.springframework.context.event.SimpleApplicationEventMulticaster.doInvokeListener(SimpleApplicationEventMulticaster.java:185)
	at org.springframework.context.event.SimpleApplicationEventMulticaster.invokeListener(SimpleApplicationEventMulticaster.java:178)
	at org.springframework.context.event.SimpleApplicationEventMulticaster.multicastEvent(SimpleApplicationEventMulticaster.java:156)
	at org.springframework.context.event.SimpleApplicationEventMulticaster.multicastEvent(SimpleApplicationEventMulticaster.java:138)
	at org.springframework.boot.context.event.EventPublishingRunListener.multicastInitialEvent(EventPublishingRunListener.java:136)
	at org.springframework.boot.context.event.EventPublishingRunListener.environmentPrepared(EventPublishingRunListener.java:81)
	at org.springframework.boot.SpringApplicationRunListeners.lambda$environmentPrepared$2(SpringApplicationRunListeners.java:64)
	at java.base/java.lang.Iterable.forEach(Iterable.java:75)
	at org.springframework.boot.SpringApplicationRunListeners.doWithListeners(SpringApplicationRunListeners.java:118)
	at org.springframework.boot.SpringApplicationRunListeners.doWithListeners(SpringApplicationRunListeners.java:112)
	at org.springframework.boot.SpringApplicationRunListeners.environmentPrepared(SpringApplicationRunListeners.java:63)
	at org.springframework.boot.SpringApplication.prepareEnvironment(SpringApplication.java:369)
	at org.springframework.boot.SpringApplication.run(SpringApplication.java:329)
	at org.springframework.boot.test.context.SpringBootContextLoader.lambda$loadContext$3(SpringBootContextLoader.java:137)
	at org.springframework.util.function.ThrowingSupplier.get(ThrowingSupplier.java:58)
	at org.springframework.util.function.ThrowingSupplier.get(ThrowingSupplier.java:46)
	at org.springframework.boot.SpringApplication.withHook(SpringApplication.java:1454)
	at org.springframework.boot.test.context.SpringBootContextLoader$ContextLoaderHook.run(SpringBootContextLoader.java:553)
	at org.springframework.boot.test.context.SpringBootContextLoader.loadContext(SpringBootContextLoader.java:137)
	at org.springframework.boot.test.context.SpringBootContextLoader.loadContext(SpringBootContextLoader.java:108)
	at org.springframework.test.context.cache.DefaultCacheAwareContextLoaderDelegate.loadContextInternal(DefaultCacheAwareContextLoaderDelegate.java:225)
	at org.springframework.test.context.cache.DefaultCacheAwareContextLoaderDelegate.loadContext(DefaultCacheAwareContextLoaderDelegate.java:152)
	at org.springframework.test.context.support.DefaultTestContext.getApplicationContext(DefaultTestContext.java:130)
	at org.springframework.test.context.web.ServletTestExecutionListener.setUpRequestContextIfNecessary(ServletTestExecutionListener.java:191)
	at org.springframework.test.context.web.ServletTestExecutionListener.prepareTestInstance(ServletTestExecutionListener.java:130)
	at org.springframework.test.context.TestContextManager.prepareTestInstance(TestContextManager.java:260)
	at org.springframework.test.context.junit.jupiter.SpringExtension.postProcessTestInstance(SpringExtension.java:163)
	at org.junit.jupiter.engine.descriptor.ClassBasedTestDescriptor.lambda$invokeTestInstancePostProcessors$10(ClassBasedTestDescriptor.java:378)
	at org.junit.jupiter.engine.descriptor.ClassBasedTestDescriptor.executeAndMaskThrowable(ClassBasedTestDescriptor.java:383)
	at org.junit.jupiter.engine.descriptor.ClassBasedTestDescriptor.lambda$invokeTestInstancePostProcessors$11(ClassBasedTestDescriptor.java:378)
	at java.base/java.util.stream.ReferencePipeline$3$1.accept(ReferencePipeline.java:197)
	at java.base/java.util.stream.ReferencePipeline$2$1.accept(ReferencePipeline.java:179)
	at java.base/java.util.ArrayList$ArrayListSpliterator.forEachRemaining(ArrayList.java:1625)
	at java.base/java.util.stream.AbstractPipeline.copyInto(AbstractPipeline.java:509)
	at java.base/java.util.stream.AbstractPipeline.wrapAndCopyInto(AbstractPipeline.java:499)
	at java.base/java.util.stream.StreamSpliterators$WrappingSpliterator.forEachRemaining(StreamSpliterators.java:310)
	at java.base/java.util.stream.Streams$ConcatSpliterator.forEachRemaining(Streams.java:735)
	at java.base/java.util.stream.Streams$ConcatSpliterator.forEachRemaining(Streams.java:734)
	at java.base/java.util.stream.ReferencePipeline$Head.forEach(ReferencePipeline.java:762)
	at org.junit.jupiter.engine.descriptor.ClassBasedTestDescriptor.invokeTestInstancePostProcessors(ClassBasedTestDescriptor.java:377)
	at org.junit.jupiter.engine.descriptor.ClassBasedTestDescriptor.lambda$instantiateAndPostProcessTestInstance$6(ClassBasedTestDescriptor.java:290)
	at org.junit.platform.engine.support.hierarchical.ThrowableCollector.execute(ThrowableCollector.java:73)
	at org.junit.jupiter.engine.descriptor.ClassBasedTestDescriptor.instantiateAndPostProcessTestInstance(ClassBasedTestDescriptor.java:289)
	at org.junit.jupiter.engine.descriptor.ClassBasedTestDescriptor.lambda$testInstancesProvider$4(ClassBasedTestDescriptor.java:279)
	at java.base/java.util.Optional.orElseGet(Optional.java:364)
	at org.junit.jupiter.engine.descriptor.ClassBasedTestDescriptor.lambda$testInstancesProvider$5(ClassBasedTestDescriptor.java:278)
	at org.junit.jupiter.engine.execution.TestInstancesProvider.getTestInstances(TestInstancesProvider.java:31)
	at org.junit.jupiter.engine.descriptor.TestMethodTestDescriptor.lambda$prepare$0(TestMethodTestDescriptor.java:106)
	at org.junit.platform.engine.support.hierarchical.ThrowableCollector.execute(ThrowableCollector.java:73)
	at org.junit.jupiter.engine.descriptor.TestMethodTestDescriptor.prepare(TestMethodTestDescriptor.java:105)
	at org.junit.jupiter.engine.descriptor.TestMethodTestDescriptor.prepare(TestMethodTestDescriptor.java:69)
	at org.junit.platform.engine.support.hierarchical.NodeTestTask.lambda$prepare$2(NodeTestTask.java:123)
	at org.junit.platform.engine.support.hierarchical.ThrowableCollector.execute(ThrowableCollector.java:73)
	at org.junit.platform.engine.support.hierarchical.NodeTestTask.prepare(NodeTestTask.java:123)
	at org.junit.platform.engine.support.hierarchical.NodeTestTask.execute(NodeTestTask.java:90)
	at java.base/java.util.ArrayList.forEach(ArrayList.java:1511)
	at org.junit.platform.engine.support.hierarchical.SameThreadHierarchicalTestExecutorService.invokeAll(SameThreadHierarchicalTestExecutorService.java:41)
	at org.junit.platform.engine.support.hierarchical.NodeTestTask.lambda$executeRecursively$6(NodeTestTask.java:155)
	at org.junit.platform.engine.support.hierarchical.ThrowableCollector.execute(ThrowableCollector.java:73)
	at org.junit.platform.engine.support.hierarchical.NodeTestTask.lambda$executeRecursively$8(NodeTestTask.java:141)
	at org.junit.platform.engine.support.hierarchical.Node.around(Node.java:137)
	at org.junit.platform.engine.support.hierarchical.NodeTestTask.lambda$executeRecursively$9(NodeTestTask.java:139)
	at org.junit.platform.engine.support.hierarchical.ThrowableCollector.execute(ThrowableCollector.java:73)
	at org.junit.platform.engine.support.hierarchical.NodeTestTask.executeRecursively(NodeTestTask.java:138)
	at org.junit.platform.engine.support.hierarchical.NodeTestTask.execute(NodeTestTask.java:95)
	at java.base/java.util.ArrayList.forEach(ArrayList.java:1511)
	at org.junit.platform.engine.support.hierarchical.SameThreadHierarchicalTestExecutorService.invokeAll(SameThreadHierarchicalTestExecutorService.java:41)
	at org.junit.platform.engine.support.hierarchical.NodeTestTask.lambda$executeRecursively$6(NodeTestTask.java:155)
	at org.junit.platform.engine.support.hierarchical.ThrowableCollector.execute(ThrowableCollector.java:73)
	at org.junit.platform.engine.support.hierarchical.NodeTestTask.lambda$executeRecursively$8(NodeTestTask.java:141)
	at org.junit.platform.engine.support.hierarchical.Node.around(Node.java:137)
	at org.junit.platform.engine.support.hierarchical.NodeTestTask.lambda$executeRecursively$9(NodeTestTask.java:139)
	at org.junit.platform.engine.support.hierarchical.ThrowableCollector.execute(ThrowableCollector.java:73)
	at org.junit.platform.engine.support.hierarchical.NodeTestTask.executeRecursively(NodeTestTask.java:138)
	at org.junit.platform.engine.support.hierarchical.NodeTestTask.execute(NodeTestTask.java:95)
	at org.junit.platform.engine.support.hierarchical.SameThreadHierarchicalTestExecutorService.submit(SameThreadHierarchicalTestExecutorService.java:35)
	at org.junit.platform.engine.support.hierarchical.HierarchicalTestExecutor.execute(HierarchicalTestExecutor.java:57)
	at org.junit.platform.engine.support.hierarchical.HierarchicalTestEngine.execute(HierarchicalTestEngine.java:54)
	at org.junit.platform.launcher.core.EngineExecutionOrchestrator.execute(EngineExecutionOrchestrator.java:198)
	at org.junit.platform.launcher.core.EngineExecutionOrchestrator.execute(EngineExecutionOrchestrator.java:169)
	at org.junit.platform.launcher.core.EngineExecutionOrchestrator.execute(EngineExecutionOrchestrator.java:93)
	at org.junit.platform.launcher.core.EngineExecutionOrchestrator.lambda$execute$0(EngineExecutionOrchestrator.java:58)
	at org.junit.platform.launcher.core.EngineExecutionOrchestrator.withInterceptedStreams(EngineExecutionOrchestrator.java:141)
	at org.junit.platform.launcher.core.EngineExecutionOrchestrator.execute(EngineExecutionOrchestrator.java:57)
	at org.junit.platform.launcher.core.DefaultLauncher.execute(DefaultLauncher.java:103)
	at org.junit.platform.launcher.core.DefaultLauncher.execute(DefaultLauncher.java:85)
	at org.junit.platform.launcher.core.DelegatingLauncher.execute(DelegatingLauncher.java:47)
	at org.apache.maven.surefire.junitplatform.LazyLauncher.execute(LazyLauncher.java:56)
	at org.apache.maven.surefire.junitplatform.JUnitPlatformProvider.execute(JUnitPlatformProvider.java:184)
	at org.apache.maven.surefire.junitplatform.JUnitPlatformProvider.invokeAllTests(JUnitPlatformProvider.java:148)
	at org.apache.maven.surefire.junitplatform.JUnitPlatformProvider.invoke(JUnitPlatformProvider.java:122)
	at org.apache.maven.surefire.booter.ForkedBooter.runSuitesInProcess(ForkedBooter.java:385)
	at org.apache.maven.surefire.booter.ForkedBooter.execute(ForkedBooter.java:162)
	at org.apache.maven.surefire.booter.ForkedBooter.run(ForkedBooter.java:507)
	at org.apache.maven.surefire.booter.ForkedBooter.main(ForkedBooter.java:495)
2025-08-19 16:00:19 [main] WARN  o.s.test.context.TestContextManager - Caught exception while allowing TestExecutionListener [org.springframework.test.context.web.ServletTestExecutionListener] to prepare test instance [gc.mda.signal_batch.SignalBatchApplicationTests@4bceac99]
java.lang.IllegalStateException: Failed to load ApplicationContext for [WebMergedContextConfiguration@4070c4ff testClass = gc.mda.signal_batch.SignalBatchApplicationTests, locations = [], classes = [gc.mda.signal_batch.SignalBatchApplication], contextInitializerClasses = [], activeProfiles = ["test"], propertySourceDescriptors = [], propertySourceProperties = ["spring.batch.job.enabled=false", "scheduler.enabled=false", "spring.websocket.enabled=false", "org.springframework.boot.test.context.SpringBootTestContextBootstrapper=true"], contextCustomizers = [org.springframework.boot.test.context.filter.ExcludeFilterContextCustomizer@471a9022, org.springframework.boot.test.json.DuplicateJsonObjectContextCustomizerFactory$DuplicateJsonObjectContextCustomizer@4b2c5e02, org.springframework.boot.test.mock.mockito.MockitoContextCustomizer@ddd65f00, org.springframework.boot.test.web.client.TestRestTemplateContextCustomizer@2bec854f, org.springframework.boot.test.autoconfigure.actuate.observability.ObservabilityContextCustomizerFactory$DisableObservabilityContextCustomizer@1f, org.springframework.boot.test.autoconfigure.properties.PropertyMappingContextCustomizer@0, org.springframework.boot.test.autoconfigure.web.servlet.WebDriverContextCustomizer@2e32ccc5, org.springframework.boot.test.context.SpringBootTestAnnotation@e977a522], resourceBasePath = "src/main/webapp", contextLoader = org.springframework.boot.test.context.SpringBootContextLoader, parent = null]
	at org.springframework.test.context.cache.DefaultCacheAwareContextLoaderDelegate.loadContext(DefaultCacheAwareContextLoaderDelegate.java:180)
	at org.springframework.test.context.support.DefaultTestContext.getApplicationContext(DefaultTestContext.java:130)
	at org.springframework.test.context.web.ServletTestExecutionListener.setUpRequestContextIfNecessary(ServletTestExecutionListener.java:191)
	at org.springframework.test.context.web.ServletTestExecutionListener.prepareTestInstance(ServletTestExecutionListener.java:130)
	at org.springframework.test.context.TestContextManager.prepareTestInstance(TestContextManager.java:260)
	at org.springframework.test.context.junit.jupiter.SpringExtension.postProcessTestInstance(SpringExtension.java:163)
	at org.junit.jupiter.engine.descriptor.ClassBasedTestDescriptor.lambda$invokeTestInstancePostProcessors$10(ClassBasedTestDescriptor.java:378)
	at org.junit.jupiter.engine.descriptor.ClassBasedTestDescriptor.executeAndMaskThrowable(ClassBasedTestDescriptor.java:383)
	at org.junit.jupiter.engine.descriptor.ClassBasedTestDescriptor.lambda$invokeTestInstancePostProcessors$11(ClassBasedTestDescriptor.java:378)
	at java.base/java.util.stream.ReferencePipeline$3$1.accept(ReferencePipeline.java:197)
	at java.base/java.util.stream.ReferencePipeline$2$1.accept(ReferencePipeline.java:179)
	at java.base/java.util.ArrayList$ArrayListSpliterator.forEachRemaining(ArrayList.java:1625)
	at java.base/java.util.stream.AbstractPipeline.copyInto(AbstractPipeline.java:509)
	at java.base/java.util.stream.AbstractPipeline.wrapAndCopyInto(AbstractPipeline.java:499)
	at java.base/java.util.stream.StreamSpliterators$WrappingSpliterator.forEachRemaining(StreamSpliterators.java:310)
	at java.base/java.util.stream.Streams$ConcatSpliterator.forEachRemaining(Streams.java:735)
	at java.base/java.util.stream.Streams$ConcatSpliterator.forEachRemaining(Streams.java:734)
	at java.base/java.util.stream.ReferencePipeline$Head.forEach(ReferencePipeline.java:762)
	at org.junit.jupiter.engine.descriptor.ClassBasedTestDescriptor.invokeTestInstancePostProcessors(ClassBasedTestDescriptor.java:377)
	at org.junit.jupiter.engine.descriptor.ClassBasedTestDescriptor.lambda$instantiateAndPostProcessTestInstance$6(ClassBasedTestDescriptor.java:290)
	at org.junit.platform.engine.support.hierarchical.ThrowableCollector.execute(ThrowableCollector.java:73)
	at org.junit.jupiter.engine.descriptor.ClassBasedTestDescriptor.instantiateAndPostProcessTestInstance(ClassBasedTestDescriptor.java:289)
	at org.junit.jupiter.engine.descriptor.ClassBasedTestDescriptor.lambda$testInstancesProvider$4(ClassBasedTestDescriptor.java:279)
	at java.base/java.util.Optional.orElseGet(Optional.java:364)
	at org.junit.jupiter.engine.descriptor.ClassBasedTestDescriptor.lambda$testInstancesProvider$5(ClassBasedTestDescriptor.java:278)
	at org.junit.jupiter.engine.execution.TestInstancesProvider.getTestInstances(TestInstancesProvider.java:31)
	at org.junit.jupiter.engine.descriptor.TestMethodTestDescriptor.lambda$prepare$0(TestMethodTestDescriptor.java:106)
	at org.junit.platform.engine.support.hierarchical.ThrowableCollector.execute(ThrowableCollector.java:73)
	at org.junit.jupiter.engine.descriptor.TestMethodTestDescriptor.prepare(TestMethodTestDescriptor.java:105)
	at org.junit.jupiter.engine.descriptor.TestMethodTestDescriptor.prepare(TestMethodTestDescriptor.java:69)
	at org.junit.platform.engine.support.hierarchical.NodeTestTask.lambda$prepare$2(NodeTestTask.java:123)
	at org.junit.platform.engine.support.hierarchical.ThrowableCollector.execute(ThrowableCollector.java:73)
	at org.junit.platform.engine.support.hierarchical.NodeTestTask.prepare(NodeTestTask.java:123)
	at org.junit.platform.engine.support.hierarchical.NodeTestTask.execute(NodeTestTask.java:90)
	at java.base/java.util.ArrayList.forEach(ArrayList.java:1511)
	at org.junit.platform.engine.support.hierarchical.SameThreadHierarchicalTestExecutorService.invokeAll(SameThreadHierarchicalTestExecutorService.java:41)
	at org.junit.platform.engine.support.hierarchical.NodeTestTask.lambda$executeRecursively$6(NodeTestTask.java:155)
	at org.junit.platform.engine.support.hierarchical.ThrowableCollector.execute(ThrowableCollector.java:73)
	at org.junit.platform.engine.support.hierarchical.NodeTestTask.lambda$executeRecursively$8(NodeTestTask.java:141)
	at org.junit.platform.engine.support.hierarchical.Node.around(Node.java:137)
	at org.junit.platform.engine.support.hierarchical.NodeTestTask.lambda$executeRecursively$9(NodeTestTask.java:139)
	at org.junit.platform.engine.support.hierarchical.ThrowableCollector.execute(ThrowableCollector.java:73)
	at org.junit.platform.engine.support.hierarchical.NodeTestTask.executeRecursively(NodeTestTask.java:138)
	at org.junit.platform.engine.support.hierarchical.NodeTestTask.execute(NodeTestTask.java:95)
	at java.base/java.util.ArrayList.forEach(ArrayList.java:1511)
	at org.junit.platform.engine.support.hierarchical.SameThreadHierarchicalTestExecutorService.invokeAll(SameThreadHierarchicalTestExecutorService.java:41)
	at org.junit.platform.engine.support.hierarchical.NodeTestTask.lambda$executeRecursively$6(NodeTestTask.java:155)
	at org.junit.platform.engine.support.hierarchical.ThrowableCollector.execute(ThrowableCollector.java:73)
	at org.junit.platform.engine.support.hierarchical.NodeTestTask.lambda$executeRecursively$8(NodeTestTask.java:141)
	at org.junit.platform.engine.support.hierarchical.Node.around(Node.java:137)
	at org.junit.platform.engine.support.hierarchical.NodeTestTask.lambda$executeRecursively$9(NodeTestTask.java:139)
	at org.junit.platform.engine.support.hierarchical.ThrowableCollector.execute(ThrowableCollector.java:73)
	at org.junit.platform.engine.support.hierarchical.NodeTestTask.executeRecursively(NodeTestTask.java:138)
	at org.junit.platform.engine.support.hierarchical.NodeTestTask.execute(NodeTestTask.java:95)
	at org.junit.platform.engine.support.hierarchical.SameThreadHierarchicalTestExecutorService.submit(SameThreadHierarchicalTestExecutorService.java:35)
	at org.junit.platform.engine.support.hierarchical.HierarchicalTestExecutor.execute(HierarchicalTestExecutor.java:57)
	at org.junit.platform.engine.support.hierarchical.HierarchicalTestEngine.execute(HierarchicalTestEngine.java:54)
	at org.junit.platform.launcher.core.EngineExecutionOrchestrator.execute(EngineExecutionOrchestrator.java:198)
	at org.junit.platform.launcher.core.EngineExecutionOrchestrator.execute(EngineExecutionOrchestrator.java:169)
	at org.junit.platform.launcher.core.EngineExecutionOrchestrator.execute(EngineExecutionOrchestrator.java:93)
	at org.junit.platform.launcher.core.EngineExecutionOrchestrator.lambda$execute$0(EngineExecutionOrchestrator.java:58)
	at org.junit.platform.launcher.core.EngineExecutionOrchestrator.withInterceptedStreams(EngineExecutionOrchestrator.java:141)
	at org.junit.platform.launcher.core.EngineExecutionOrchestrator.execute(EngineExecutionOrchestrator.java:57)
	at org.junit.platform.launcher.core.DefaultLauncher.execute(DefaultLauncher.java:103)
	at org.junit.platform.launcher.core.DefaultLauncher.execute(DefaultLauncher.java:85)
	at org.junit.platform.launcher.core.DelegatingLauncher.execute(DelegatingLauncher.java:47)
	at org.apache.maven.surefire.junitplatform.LazyLauncher.execute(LazyLauncher.java:56)
	at org.apache.maven.surefire.junitplatform.JUnitPlatformProvider.execute(JUnitPlatformProvider.java:184)
	at org.apache.maven.surefire.junitplatform.JUnitPlatformProvider.invokeAllTests(JUnitPlatformProvider.java:148)
	at org.apache.maven.surefire.junitplatform.JUnitPlatformProvider.invoke(JUnitPlatformProvider.java:122)
	at org.apache.maven.surefire.booter.ForkedBooter.runSuitesInProcess(ForkedBooter.java:385)
	at org.apache.maven.surefire.booter.ForkedBooter.execute(ForkedBooter.java:162)
	at org.apache.maven.surefire.booter.ForkedBooter.run(ForkedBooter.java:507)
	at org.apache.maven.surefire.booter.ForkedBooter.main(ForkedBooter.java:495)
Caused by: org.springframework.boot.context.config.InvalidConfigDataPropertyException: Property 'spring.profiles.active' imported from location 'class path resource [application-test.yml]' is invalid in a profile specific resource [origin: class path resource [application-test.yml] - 4:13]
	at org.springframework.boot.context.config.InvalidConfigDataPropertyException.lambda$throwIfPropertyFound$1(InvalidConfigDataPropertyException.java:121)
	at java.base/java.lang.Iterable.forEach(Iterable.java:75)
	at java.base/java.util.Collections$UnmodifiableCollection.forEach(Collections.java:1092)
	at org.springframework.boot.context.config.InvalidConfigDataPropertyException.throwIfPropertyFound(InvalidConfigDataPropertyException.java:118)
	at org.springframework.boot.context.config.ConfigDataEnvironment.checkForInvalidProperties(ConfigDataEnvironment.java:364)
	at org.springframework.boot.context.config.ConfigDataEnvironment.applyToEnvironment(ConfigDataEnvironment.java:328)
	at org.springframework.boot.context.config.ConfigDataEnvironment.processAndApply(ConfigDataEnvironment.java:235)
	at org.springframework.boot.context.config.ConfigDataEnvironmentPostProcessor.postProcessEnvironment(ConfigDataEnvironmentPostProcessor.java:96)
	at org.springframework.boot.context.config.ConfigDataEnvironmentPostProcessor.postProcessEnvironment(ConfigDataEnvironmentPostProcessor.java:89)
	at org.springframework.boot.env.EnvironmentPostProcessorApplicationListener.onApplicationEnvironmentPreparedEvent(EnvironmentPostProcessorApplicationListener.java:109)
	at org.springframework.boot.env.EnvironmentPostProcessorApplicationListener.onApplicationEvent(EnvironmentPostProcessorApplicationListener.java:94)
	at org.springframework.context.event.SimpleApplicationEventMulticaster.doInvokeListener(SimpleApplicationEventMulticaster.java:185)
	at org.springframework.context.event.SimpleApplicationEventMulticaster.invokeListener(SimpleApplicationEventMulticaster.java:178)
	at org.springframework.context.event.SimpleApplicationEventMulticaster.multicastEvent(SimpleApplicationEventMulticaster.java:156)
	at org.springframework.context.event.SimpleApplicationEventMulticaster.multicastEvent(SimpleApplicationEventMulticaster.java:138)
	at org.springframework.boot.context.event.EventPublishingRunListener.multicastInitialEvent(EventPublishingRunListener.java:136)
	at org.springframework.boot.context.event.EventPublishingRunListener.environmentPrepared(EventPublishingRunListener.java:81)
	at org.springframework.boot.SpringApplicationRunListeners.lambda$environmentPrepared$2(SpringApplicationRunListeners.java:64)
	at java.base/java.lang.Iterable.forEach(Iterable.java:75)
	at org.springframework.boot.SpringApplicationRunListeners.doWithListeners(SpringApplicationRunListeners.java:118)
	at org.springframework.boot.SpringApplicationRunListeners.doWithListeners(SpringApplicationRunListeners.java:112)
	at org.springframework.boot.SpringApplicationRunListeners.environmentPrepared(SpringApplicationRunListeners.java:63)
	at org.springframework.boot.SpringApplication.prepareEnvironment(SpringApplication.java:369)
	at org.springframework.boot.SpringApplication.run(SpringApplication.java:329)
	at org.springframework.boot.test.context.SpringBootContextLoader.lambda$loadContext$3(SpringBootContextLoader.java:137)
	at org.springframework.util.function.ThrowingSupplier.get(ThrowingSupplier.java:58)
	at org.springframework.util.function.ThrowingSupplier.get(ThrowingSupplier.java:46)
	at org.springframework.boot.SpringApplication.withHook(SpringApplication.java:1454)
	at org.springframework.boot.test.context.SpringBootContextLoader$ContextLoaderHook.run(SpringBootContextLoader.java:553)
	at org.springframework.boot.test.context.SpringBootContextLoader.loadContext(SpringBootContextLoader.java:137)
	at org.springframework.boot.test.context.SpringBootContextLoader.loadContext(SpringBootContextLoader.java:108)
	at org.springframework.test.context.cache.DefaultCacheAwareContextLoaderDelegate.loadContextInternal(DefaultCacheAwareContextLoaderDelegate.java:225)
	at org.springframework.test.context.cache.DefaultCacheAwareContextLoaderDelegate.loadContext(DefaultCacheAwareContextLoaderDelegate.java:152)
	... 73 common frames omitted
2025-08-19 16:00:20 [pool-6-thread-1] ERROR g.m.s.websocket.WebSocketLoadTest - Client 0 connection failed
java.lang.IllegalStateException: TaskScheduler must be set if heartbeats are enabled
	at org.springframework.util.Assert.state(Assert.java:76)
	at org.springframework.web.socket.messaging.WebSocketStompClient.processConnectHeaders(WebSocketStompClient.java:362)
	at org.springframework.messaging.simp.stomp.StompClientSupport.createSession(StompClientSupport.java:163)
	at org.springframework.web.socket.messaging.WebSocketStompClient.connectAsync(WebSocketStompClient.java:350)
	at org.springframework.web.socket.messaging.WebSocketStompClient.connectAsync(WebSocketStompClient.java:312)
	at org.springframework.web.socket.messaging.WebSocketStompClient.connectAsync(WebSocketStompClient.java:269)
	at org.springframework.web.socket.messaging.WebSocketStompClient.connectAsync(WebSocketStompClient.java:232)
	at org.springframework.web.socket.messaging.WebSocketStompClient.connect(WebSocketStompClient.java:218)
	at gc.mda.signal_batch.websocket.WebSocketLoadTest$TestClient.connect(WebSocketLoadTest.java:262)
	at gc.mda.signal_batch.websocket.WebSocketLoadTest.lambda$testConcurrentClientConnections$0(WebSocketLoadTest.java:86)
	at java.base/java.util.concurrent.CompletableFuture$AsyncSupply.run(CompletableFuture.java:1768)
	at java.base/java.util.concurrent.ThreadPoolExecutor.runWorker(ThreadPoolExecutor.java:1136)
	at java.base/java.util.concurrent.ThreadPoolExecutor$Worker.run(ThreadPoolExecutor.java:635)
	at java.base/java.lang.Thread.run(Thread.java:840)
2025-08-19 16:00:20 [pool-6-thread-2] ERROR g.m.s.websocket.WebSocketLoadTest - Client 1 connection failed
java.lang.IllegalStateException: TaskScheduler must be set if heartbeats are enabled
	at org.springframework.util.Assert.state(Assert.java:76)
	at org.springframework.web.socket.messaging.WebSocketStompClient.processConnectHeaders(WebSocketStompClient.java:362)
	at org.springframework.messaging.simp.stomp.StompClientSupport.createSession(StompClientSupport.java:163)
	at org.springframework.web.socket.messaging.WebSocketStompClient.connectAsync(WebSocketStompClient.java:350)
	at org.springframework.web.socket.messaging.WebSocketStompClient.connectAsync(WebSocketStompClient.java:312)
	at org.springframework.web.socket.messaging.WebSocketStompClient.connectAsync(WebSocketStompClient.java:269)
	at org.springframework.web.socket.messaging.WebSocketStompClient.connectAsync(WebSocketStompClient.java:232)
	at org.springframework.web.socket.messaging.WebSocketStompClient.connect(WebSocketStompClient.java:218)
	at gc.mda.signal_batch.websocket.WebSocketLoadTest$TestClient.connect(WebSocketLoadTest.java:262)
	at gc.mda.signal_batch.websocket.WebSocketLoadTest.lambda$testConcurrentClientConnections$0(WebSocketLoadTest.java:86)
	at java.base/java.util.concurrent.CompletableFuture$AsyncSupply.run(CompletableFuture.java:1768)
	at java.base/java.util.concurrent.ThreadPoolExecutor.runWorker(ThreadPoolExecutor.java:1136)
	at java.base/java.util.concurrent.ThreadPoolExecutor$Worker.run(ThreadPoolExecutor.java:635)
	at java.base/java.lang.Thread.run(Thread.java:840)
2025-08-19 16:00:20 [pool-6-thread-4] ERROR g.m.s.websocket.WebSocketLoadTest - Client 3 connection failed
java.lang.IllegalStateException: TaskScheduler must be set if heartbeats are enabled
	at org.springframework.util.Assert.state(Assert.java:76)
	at org.springframework.web.socket.messaging.WebSocketStompClient.processConnectHeaders(WebSocketStompClient.java:362)
	at org.springframework.messaging.simp.stomp.StompClientSupport.createSession(StompClientSupport.java:163)
	at org.springframework.web.socket.messaging.WebSocketStompClient.connectAsync(WebSocketStompClient.java:350)
	at org.springframework.web.socket.messaging.WebSocketStompClient.connectAsync(WebSocketStompClient.java:312)
	at org.springframework.web.socket.messaging.WebSocketStompClient.connectAsync(WebSocketStompClient.java:269)
	at org.springframework.web.socket.messaging.WebSocketStompClient.connectAsync(WebSocketStompClient.java:232)
	at org.springframework.web.socket.messaging.WebSocketStompClient.connect(WebSocketStompClient.java:218)
	at gc.mda.signal_batch.websocket.WebSocketLoadTest$TestClient.connect(WebSocketLoadTest.java:262)
	at gc.mda.signal_batch.websocket.WebSocketLoadTest.lambda$testConcurrentClientConnections$0(WebSocketLoadTest.java:86)
	at java.base/java.util.concurrent.CompletableFuture$AsyncSupply.run(CompletableFuture.java:1768)
	at java.base/java.util.concurrent.ThreadPoolExecutor.runWorker(ThreadPoolExecutor.java:1136)
	at java.base/java.util.concurrent.ThreadPoolExecutor$Worker.run(ThreadPoolExecutor.java:635)
	at java.base/java.lang.Thread.run(Thread.java:840)
2025-08-19 16:00:20 [pool-6-thread-3] ERROR g.m.s.websocket.WebSocketLoadTest - Client 2 connection failed
java.lang.IllegalStateException: TaskScheduler must be set if heartbeats are enabled
	at org.springframework.util.Assert.state(Assert.java:76)
	at org.springframework.web.socket.messaging.WebSocketStompClient.processConnectHeaders(WebSocketStompClient.java:362)
	at org.springframework.messaging.simp.stomp.StompClientSupport.createSession(StompClientSupport.java:163)
	at org.springframework.web.socket.messaging.WebSocketStompClient.connectAsync(WebSocketStompClient.java:350)
	at org.springframework.web.socket.messaging.WebSocketStompClient.connectAsync(WebSocketStompClient.java:312)
	at org.springframework.web.socket.messaging.WebSocketStompClient.connectAsync(WebSocketStompClient.java:269)
	at org.springframework.web.socket.messaging.WebSocketStompClient.connectAsync(WebSocketStompClient.java:232)
	at org.springframework.web.socket.messaging.WebSocketStompClient.connect(WebSocketStompClient.java:218)
	at gc.mda.signal_batch.websocket.WebSocketLoadTest$TestClient.connect(WebSocketLoadTest.java:262)
	at gc.mda.signal_batch.websocket.WebSocketLoadTest.lambda$testConcurrentClientConnections$0(WebSocketLoadTest.java:86)
	at java.base/java.util.concurrent.CompletableFuture$AsyncSupply.run(CompletableFuture.java:1768)
	at java.base/java.util.concurrent.ThreadPoolExecutor.runWorker(ThreadPoolExecutor.java:1136)
	at java.base/java.util.concurrent.ThreadPoolExecutor$Worker.run(ThreadPoolExecutor.java:635)
	at java.base/java.lang.Thread.run(Thread.java:840)
2025-08-19 16:00:20 [pool-6-thread-5] ERROR g.m.s.websocket.WebSocketLoadTest - Client 4 connection failed
java.lang.IllegalStateException: TaskScheduler must be set if heartbeats are enabled
	at org.springframework.util.Assert.state(Assert.java:76)
	at org.springframework.web.socket.messaging.WebSocketStompClient.processConnectHeaders(WebSocketStompClient.java:362)
	at org.springframework.messaging.simp.stomp.StompClientSupport.createSession(StompClientSupport.java:163)
	at org.springframework.web.socket.messaging.WebSocketStompClient.connectAsync(WebSocketStompClient.java:350)
	at org.springframework.web.socket.messaging.WebSocketStompClient.connectAsync(WebSocketStompClient.java:312)
	at org.springframework.web.socket.messaging.WebSocketStompClient.connectAsync(WebSocketStompClient.java:269)
	at org.springframework.web.socket.messaging.WebSocketStompClient.connectAsync(WebSocketStompClient.java:232)
	at org.springframework.web.socket.messaging.WebSocketStompClient.connect(WebSocketStompClient.java:218)
	at gc.mda.signal_batch.websocket.WebSocketLoadTest$TestClient.connect(WebSocketLoadTest.java:262)
	at gc.mda.signal_batch.websocket.WebSocketLoadTest.lambda$testConcurrentClientConnections$0(WebSocketLoadTest.java:86)
	at java.base/java.util.concurrent.CompletableFuture$AsyncSupply.run(CompletableFuture.java:1768)
	at java.base/java.util.concurrent.ThreadPoolExecutor.runWorker(ThreadPoolExecutor.java:1136)
	at java.base/java.util.concurrent.ThreadPoolExecutor$Worker.run(ThreadPoolExecutor.java:635)
	at java.base/java.lang.Thread.run(Thread.java:840)
2025-08-19 16:00:20 [pool-6-thread-6] ERROR g.m.s.websocket.WebSocketLoadTest - Client 5 connection failed
java.lang.IllegalStateException: TaskScheduler must be set if heartbeats are enabled
	at org.springframework.util.Assert.state(Assert.java:76)
	at org.springframework.web.socket.messaging.WebSocketStompClient.processConnectHeaders(WebSocketStompClient.java:362)
	at org.springframework.messaging.simp.stomp.StompClientSupport.createSession(StompClientSupport.java:163)
	at org.springframework.web.socket.messaging.WebSocketStompClient.connectAsync(WebSocketStompClient.java:350)
	at org.springframework.web.socket.messaging.WebSocketStompClient.connectAsync(WebSocketStompClient.java:312)
	at org.springframework.web.socket.messaging.WebSocketStompClient.connectAsync(WebSocketStompClient.java:269)
	at org.springframework.web.socket.messaging.WebSocketStompClient.connectAsync(WebSocketStompClient.java:232)
	at org.springframework.web.socket.messaging.WebSocketStompClient.connect(WebSocketStompClient.java:218)
	at gc.mda.signal_batch.websocket.WebSocketLoadTest$TestClient.connect(WebSocketLoadTest.java:262)
	at gc.mda.signal_batch.websocket.WebSocketLoadTest.lambda$testConcurrentClientConnections$0(WebSocketLoadTest.java:86)
	at java.base/java.util.concurrent.CompletableFuture$AsyncSupply.run(CompletableFuture.java:1768)
	at java.base/java.util.concurrent.ThreadPoolExecutor.runWorker(ThreadPoolExecutor.java:1136)
	at java.base/java.util.concurrent.ThreadPoolExecutor$Worker.run(ThreadPoolExecutor.java:635)
	at java.base/java.lang.Thread.run(Thread.java:840)
2025-08-19 16:00:20 [pool-6-thread-9] ERROR g.m.s.websocket.WebSocketLoadTest - Client 8 connection failed
java.lang.IllegalStateException: TaskScheduler must be set if heartbeats are enabled
	at org.springframework.util.Assert.state(Assert.java:76)
	at org.springframework.web.socket.messaging.WebSocketStompClient.processConnectHeaders(WebSocketStompClient.java:362)
	at org.springframework.messaging.simp.stomp.StompClientSupport.createSession(StompClientSupport.java:163)
	at org.springframework.web.socket.messaging.WebSocketStompClient.connectAsync(WebSocketStompClient.java:350)
	at org.springframework.web.socket.messaging.WebSocketStompClient.connectAsync(WebSocketStompClient.java:312)
	at org.springframework.web.socket.messaging.WebSocketStompClient.connectAsync(WebSocketStompClient.java:269)
	at org.springframework.web.socket.messaging.WebSocketStompClient.connectAsync(WebSocketStompClient.java:232)
	at org.springframework.web.socket.messaging.WebSocketStompClient.connect(WebSocketStompClient.java:218)
	at gc.mda.signal_batch.websocket.WebSocketLoadTest$TestClient.connect(WebSocketLoadTest.java:262)
	at gc.mda.signal_batch.websocket.WebSocketLoadTest.lambda$testConcurrentClientConnections$0(WebSocketLoadTest.java:86)
	at java.base/java.util.concurrent.CompletableFuture$AsyncSupply.run(CompletableFuture.java:1768)
	at java.base/java.util.concurrent.ThreadPoolExecutor.runWorker(ThreadPoolExecutor.java:1136)
	at java.base/java.util.concurrent.ThreadPoolExecutor$Worker.run(ThreadPoolExecutor.java:635)
	at java.base/java.lang.Thread.run(Thread.java:840)
2025-08-19 16:00:20 [pool-6-thread-10] ERROR g.m.s.websocket.WebSocketLoadTest - Client 9 connection failed
java.lang.IllegalStateException: TaskScheduler must be set if heartbeats are enabled
	at org.springframework.util.Assert.state(Assert.java:76)
	at org.springframework.web.socket.messaging.WebSocketStompClient.processConnectHeaders(WebSocketStompClient.java:362)
	at org.springframework.messaging.simp.stomp.StompClientSupport.createSession(StompClientSupport.java:163)
	at org.springframework.web.socket.messaging.WebSocketStompClient.connectAsync(WebSocketStompClient.java:350)
	at org.springframework.web.socket.messaging.WebSocketStompClient.connectAsync(WebSocketStompClient.java:312)
	at org.springframework.web.socket.messaging.WebSocketStompClient.connectAsync(WebSocketStompClient.java:269)
	at org.springframework.web.socket.messaging.WebSocketStompClient.connectAsync(WebSocketStompClient.java:232)
	at org.springframework.web.socket.messaging.WebSocketStompClient.connect(WebSocketStompClient.java:218)
	at gc.mda.signal_batch.websocket.WebSocketLoadTest$TestClient.connect(WebSocketLoadTest.java:262)
	at gc.mda.signal_batch.websocket.WebSocketLoadTest.lambda$testConcurrentClientConnections$0(WebSocketLoadTest.java:86)
	at java.base/java.util.concurrent.CompletableFuture$AsyncSupply.run(CompletableFuture.java:1768)
	at java.base/java.util.concurrent.ThreadPoolExecutor.runWorker(ThreadPoolExecutor.java:1136)
	at java.base/java.util.concurrent.ThreadPoolExecutor$Worker.run(ThreadPoolExecutor.java:635)
	at java.base/java.lang.Thread.run(Thread.java:840)
2025-08-19 16:00:20 [pool-6-thread-8] ERROR g.m.s.websocket.WebSocketLoadTest - Client 7 connection failed
java.lang.IllegalStateException: TaskScheduler must be set if heartbeats are enabled
	at org.springframework.util.Assert.state(Assert.java:76)
	at org.springframework.web.socket.messaging.WebSocketStompClient.processConnectHeaders(WebSocketStompClient.java:362)
	at org.springframework.messaging.simp.stomp.StompClientSupport.createSession(StompClientSupport.java:163)
	at org.springframework.web.socket.messaging.WebSocketStompClient.connectAsync(WebSocketStompClient.java:350)
	at org.springframework.web.socket.messaging.WebSocketStompClient.connectAsync(WebSocketStompClient.java:312)
	at org.springframework.web.socket.messaging.WebSocketStompClient.connectAsync(WebSocketStompClient.java:269)
	at org.springframework.web.socket.messaging.WebSocketStompClient.connectAsync(WebSocketStompClient.java:232)
	at org.springframework.web.socket.messaging.WebSocketStompClient.connect(WebSocketStompClient.java:218)
	at gc.mda.signal_batch.websocket.WebSocketLoadTest$TestClient.connect(WebSocketLoadTest.java:262)
	at gc.mda.signal_batch.websocket.WebSocketLoadTest.lambda$testConcurrentClientConnections$0(WebSocketLoadTest.java:86)
	at java.base/java.util.concurrent.CompletableFuture$AsyncSupply.run(CompletableFuture.java:1768)
	at java.base/java.util.concurrent.ThreadPoolExecutor.runWorker(ThreadPoolExecutor.java:1136)
	at java.base/java.util.concurrent.ThreadPoolExecutor$Worker.run(ThreadPoolExecutor.java:635)
	at java.base/java.lang.Thread.run(Thread.java:840)
2025-08-19 16:00:20 [pool-6-thread-7] ERROR g.m.s.websocket.WebSocketLoadTest - Client 6 connection failed
java.lang.IllegalStateException: TaskScheduler must be set if heartbeats are enabled
	at org.springframework.util.Assert.state(Assert.java:76)
	at org.springframework.web.socket.messaging.WebSocketStompClient.processConnectHeaders(WebSocketStompClient.java:362)
	at org.springframework.messaging.simp.stomp.StompClientSupport.createSession(StompClientSupport.java:163)
	at org.springframework.web.socket.messaging.WebSocketStompClient.connectAsync(WebSocketStompClient.java:350)
	at org.springframework.web.socket.messaging.WebSocketStompClient.connectAsync(WebSocketStompClient.java:312)
	at org.springframework.web.socket.messaging.WebSocketStompClient.connectAsync(WebSocketStompClient.java:269)
	at org.springframework.web.socket.messaging.WebSocketStompClient.connectAsync(WebSocketStompClient.java:232)
	at org.springframework.web.socket.messaging.WebSocketStompClient.connect(WebSocketStompClient.java:218)
	at gc.mda.signal_batch.websocket.WebSocketLoadTest$TestClient.connect(WebSocketLoadTest.java:262)
	at gc.mda.signal_batch.websocket.WebSocketLoadTest.lambda$testConcurrentClientConnections$0(WebSocketLoadTest.java:86)
	at java.base/java.util.concurrent.CompletableFuture$AsyncSupply.run(CompletableFuture.java:1768)
	at java.base/java.util.concurrent.ThreadPoolExecutor.runWorker(ThreadPoolExecutor.java:1136)
	at java.base/java.util.concurrent.ThreadPoolExecutor$Worker.run(ThreadPoolExecutor.java:635)
	at java.base/java.lang.Thread.run(Thread.java:840)
2025-08-19 16:00:50 [Thread-2] INFO  g.m.s.batch.writer.UpsertWriter - Shutting down executor service...
